planning_area,subzone,Total,Males,Females,Age_0-4,Age_5-9,Age_10-14,Age_15-19,Age_20-24,Age_25-29,Age_30-34,Age_35-39,Age_40-44,Age_45-49,Age_50-54,Age_55-59,Age_60-64,Age_65-69,Age_70-74,Age_75-79,Age_80-84,Age_85-89,Age_90-over,Ethnic-Chinese,Ethnic-Malay,Ethnic-Indian,Ethnic_Others,HDB 1- & 2- Room Flats,HDB 3-Room Flats,HDB 4-Room Flats,HDB 5-Room & Executive Flats,Condominiums & Other Apartments,Landed Properties,Other Dwellings,Floor_below_60,Floor_60-80,Floor_80-100,Floor_100-120,Floor_above_120
Ang Mo Kio,Total,"162,280","77,570","84,700","5,280","6,100","7,030","7,600","8,680","10,320","10,490","10,420","11,350","12,410","11,860","12,780","12,730","11,960","9,930","5,770","4,150","2,280","1,130","134,350","11,140","12,810","3,970","10,720","55,910","43,030","21,370","13,980","15,880","1,390","11,560","46,620","52,540","20,060","30,100"
Ang Mo Kio,Ang Mo Kio Town Centre,"4,810","2,260","2,550",170,240,280,320,270,280,290,330,400,470,370,320,300,250,230,140,100,40,20,"4,140",140,370,160,-,400,630,"1,800","1,950",-,30,-,340,970,"2,860",610
Ang Mo Kio,Cheng San,"28,070","13,480","14,600","1,060","1,040","1,040","1,160","1,330","1,710","2,000","2,150","2,070","2,200","2,050","2,120","2,120","2,170","1,730",960,640,350,180,"23,240","1,940","2,280",610,970,"13,290","8,810","4,900",-,-,100,970,"10,640","11,460","4,170",730
Ang Mo Kio,Chong Boon,"26,500","12,860","13,640",860,840,"1,010","1,060","1,310","1,610","1,890","1,730","1,800","1,820","1,900","2,090","2,140","2,100","1,800","1,130",780,430,200,"21,860","1,830","2,240",580,"1,470","12,180","8,560","3,790",-,-,500,"1,470","10,210","10,270","3,510",540
Ang Mo Kio,Kebun Bahru,"22,620","10,660","11,970",660,810,950,"1,010","1,170","1,420","1,410","1,450","1,620","1,790","1,710","1,800","1,750","1,690","1,430",840,620,340,160,"18,710","1,820","1,590",510,"1,590","10,240","5,620","2,170","1,670","1,100",240,"2,320","8,450","7,380","1,200","3,040"
Ang Mo Kio,Sembawang Hills,"6,850","3,210","3,650",210,310,400,460,500,500,350,310,370,550,540,550,480,410,370,230,150,100,60,"6,100",70,460,220,-,-,-,-,280,"6,500",70,30,110,330,400,"5,910"
Ang Mo Kio,Shangri-La,"15,960","7,780","8,180",550,560,640,710,860,980,"1,020",990,"1,010","1,210","1,200","1,390","1,270","1,180",960,620,430,250,130,"12,350","1,760","1,480",370,"2,680","6,070","5,140","1,730",-,280,50,"2,680","5,440","5,250",880,"1,660"
Ang Mo Kio,Tagore,"7,950","3,790","4,160",210,310,400,450,580,670,490,340,440,580,580,670,730,550,380,210,190,120,60,"7,160",70,500,220,-,-,-,-,"2,510","5,260",180,50,190,90,"1,080","6,370"
Ang Mo Kio,Townsville,"21,140","9,930","11,210",660,860,930,820,890,"1,310","1,400","1,410","1,650","1,560","1,360","1,580","1,660","1,530","1,420",880,680,360,190,"17,360","1,440","1,760",590,"1,350","6,450","9,440","3,850",-,-,60,"1,350","5,410","10,460","2,090","1,790"
Ang Mo Kio,Yio Chu Kang,20,-,-,-,-,-,-,-,-,-,-,-,-,-,-,-,-,-,-,-,-,-,-,-,-,-,-,-,-,-,-,-,-,-,-,-,-,-
Ang Mo Kio,Yio Chu Kang East,"4,200","2,090","2,120",160,170,200,260,310,320,230,240,260,320,290,330,380,260,200,110,80,40,30,"3,740",60,280,120,-,-,-,-,"1,820","2,280",110,30,90,80,450,"3,440"
Ang Mo Kio,Yio Chu Kang North,-,-,-,-,-,-,-,-,-,-,-,-,-,-,-,-,-,-,-,-,-,-,-,-,-,-,-,-,-,-,-,-,-,-,-,-,-,-
Ang Mo Kio,Yio Chu Kang West,"24,150","11,520","12,630",750,950,"1,190","1,350","1,460","1,540","1,400","1,480","1,720","1,910","1,850","1,950","1,910","1,820","1,400",640,480,250,110,"19,690","2,020","1,860",590,"2,660","7,280","4,830","3,140","5,750",460,50,"2,660","5,720","6,270","3,430","6,020"
Bedok,Total,"276,990","134,210","142,790","9,790","11,490","12,810","14,080","16,050","18,870","18,360","17,730","19,500","21,090","20,050","21,950","21,860","19,030","15,230","8,020","5,810","3,310","1,970","201,780","39,300","24,450","11,470","9,630","54,710","66,310","44,970","54,850","43,870","2,650","17,510","45,510","66,000","43,980","101,170"
Bedok,Bayshore,"7,450","3,580","3,870",340,490,480,450,360,310,360,550,770,860,650,510,400,350,280,130,90,40,50,"5,090",130,"1,590",650,-,-,-,-,"6,920",410,130,30,130,"1,700","2,040","3,440"
Bedok,Bedok North,"81,840","39,700","42,140","2,710","3,080","3,440","4,000","4,760","5,620","5,280","5,100","5,670","5,960","6,030","6,950","6,560","5,980","4,920","2,550","1,740",970,540,"57,440","15,580","6,200","2,620","4,460","30,850","25,570","10,690","5,440","4,380",460,"8,840","22,730","30,390","9,190","10,230"
Bedok,Bedok Reservoir,"25,470","12,480","12,990","1,100","1,270","1,400","1,510","1,490","1,600","1,830","1,900","2,090","2,110","1,920","1,840","1,800","1,550","1,050",470,310,160,80,"19,150","3,270","2,220",830,-,"2,840","8,320","6,270","7,930",50,40,120,"2,640","4,200","11,630","6,830"
Bedok,Bedok South,"46,690","22,540","24,160","1,430","1,730","2,120","2,300","2,740","3,130","2,920","2,700","3,050","3,490","3,430","3,730","3,740","3,360","2,820","1,650","1,230",720,410,"36,480","4,570","3,410","2,240","1,510","7,920","11,540","6,750","7,170","11,400",410,"3,090","6,880","11,860","5,500","18,960"
Bedok,Frankel,"34,490","16,260","18,230","1,460","2,060","2,060","1,810","1,820","2,050","2,000","2,360","2,950","3,180","2,510","2,280","2,110","1,880","1,610",840,750,470,290,"28,300","1,040","2,730","2,420",-,-,-,-,"15,090","18,850",550,790,900,"1,990","4,410","25,710"
Bedok,Kaki Bukit,"37,150","18,210","18,940","1,200","1,250","1,580","1,930","2,510","3,140","2,830","2,280","2,260","2,460","2,450","3,240","3,510","2,740","1,930",820,580,260,190,"24,060","8,710","3,380",990,480,"5,900","14,590","14,420",910,710,130,"1,170","5,100","10,220","5,500","15,040"
Bedok,Kembangan,"37,460","18,460","19,010","1,410","1,360","1,480","1,780","2,020","2,620","2,790","2,520","2,290","2,520","2,620","2,940","3,240","2,750","2,140","1,250",860,530,350,"26,700","5,870","3,550","1,340","3,180","7,200","6,290","6,840","5,040","8,070",850,"3,490","7,000","5,530","4,940","15,620"
Bedok,Siglap,"6,440","2,980","3,460",160,250,260,310,360,400,360,320,430,520,450,460,500,430,480,310,250,140,70,"4,570",120,"1,380",370,-,-,-,-,"6,360",-,90,-,130,110,770,"5,340"
Bishan,Total,"87,320","42,260","45,060","2,790","3,720","4,300","4,630","5,240","6,930","5,730","5,090","5,750","6,720","6,290","6,960","7,130","5,850","4,390","2,430","1,760","1,050",560,"75,040","3,190","6,490","2,590","1,140","4,920","28,160","25,130","16,880","10,390",700,"1,420","5,740","12,180","26,620","40,650"
Bishan,Bishan East,"28,310","13,420","14,880",870,"1,130","1,300","1,380","1,470","2,280","2,150","1,730","1,890","2,160","1,880","2,110","2,420","2,090","1,560",820,590,320,150,"23,910","1,260","2,360",780,260,"1,870","10,590","12,120","3,140",-,330,340,"2,320","7,310","4,950","13,060"
Bishan,Marymount,"29,620","14,680","14,940","1,010","1,340","1,540","1,680","2,030","2,630","1,840","1,770","1,950","2,240","2,190","2,530","2,360","1,790","1,250",650,450,220,150,"25,630","1,020","2,120",850,-,-,"13,670","8,790","4,270","2,790",100,20,-,"1,150","16,100","12,250"
Bishan,Upper Thomson,"29,390","14,160","15,230",910,"1,260","1,450","1,560","1,740","2,010","1,740","1,590","1,910","2,330","2,230","2,310","2,350","1,960","1,580",970,720,510,260,"25,500",910,"2,010",970,880,"3,050","3,910","4,220","9,470","7,600",270,"1,060","3,420","3,720","5,570","15,340"
Boon Lay,Total,40,-,-,-,-,-,-,-,-,-,-,-,-,-,-,-,-,-,-,-,-,-,-,-,-,-,-,-,-,-,-,-,-,-,-,-,-,-
Boon Lay,Liu Fang,10,-,-,-,-,-,-,-,-,-,-,-,-,-,-,-,-,-,-,-,-,-,-,-,-,-,-,-,-,-,-,-,-,-,-,-,-,-
Boon Lay,Samulun,10,-,-,-,-,-,-,-,-,-,-,-,-,-,-,-,-,-,-,-,-,-,-,-,-,-,-,-,-,-,-,-,-,-,-,-,-,-
Boon Lay,Shipyard,-,-,-,-,-,-,-,-,-,-,-,-,-,-,-,-,-,-,-,-,-,-,-,-,-,-,-,-,-,-,-,-,-,-,-,-,-,-
Boon Lay,Tukang,10,-,-,-,-,-,-,-,-,-,-,-,-,-,-,-,-,-,-,-,-,-,-,-,-,-,-,-,-,-,-,-,-,-,-,-,-,-
Bukit Batok,Total,"158,030","77,480","80,550","7,920","6,820","7,690","8,570","9,800","12,480","13,630","10,980","10,660","11,680","11,900","12,500","11,750","9,330","5,800","2,880","1,940","1,130",590,"113,460","25,240","14,950","4,380","6,050","28,300","56,090","34,310","26,500","5,760","1,030","8,170","27,080","40,740","42,440","38,580"
Bukit Batok,Brickworks,"19,820","9,800","10,020","2,710","1,200",850,730,660,"2,280","3,540","1,670","1,460","1,280",990,790,640,430,270,140,90,70,20,"12,620","5,440","1,380",380,"3,940","2,480","8,340","5,040",-,-,10,"3,940","2,480","8,340","4,800",250
Bukit Batok,Bukit Batok Central,"27,290","13,290","14,000","1,310","1,230","1,340","1,490","1,560","1,900","2,460","1,950","1,860","1,940","1,960","2,020","2,100","1,750","1,150",570,400,200,120,"20,820","3,520","2,350",600,"1,340","3,860","12,310","8,340","1,400",-,40,"1,480","3,610","5,050","10,530","6,580"
Bukit Batok,Bukit Batok East,"12,690","6,290","6,410",340,340,540,600,810,960,880,810,800,970,930,"1,160","1,220","1,060",640,280,200,110,60,"7,850","2,990","1,590",270,-,"5,650","4,850","2,060",-,-,140,-,"5,550","3,540","1,400","2,060"
Bukit Batok,Bukit Batok South,"14,930","7,360","7,570",690,710,760,840,"1,110","1,190","1,240","1,130",930,"1,010","1,180","1,310","1,160",830,440,170,140,70,30,"11,140","1,780","1,620",390,-,400,"6,450","6,220","1,180",640,40,-,400,"3,170","6,190","5,130"
Bukit Batok,Bukit Batok West,"15,000","7,300","7,700",660,640,710,790,950,990,"1,180","1,100","1,010","1,050","1,100","1,180","1,220","1,070",640,310,200,130,80,"10,450","2,560","1,680",310,-,"5,160","5,970","3,830",-,-,40,-,"4,730","3,130","4,880","2,220"
Bukit Batok,Gombak,"9,930","4,840","5,090",350,490,590,590,620,700,610,720,840,800,750,710,630,550,400,240,170,120,50,"8,430",560,670,260,-,-,"3,640","2,540",690,"2,970",80,170,120,"3,700","2,730","3,120"
Bukit Batok,Guilin,"12,940","6,290","6,650",430,570,650,750,830,870,850,940,940,"1,100","1,110","1,100",920,750,470,270,200,120,70,"8,910","1,960","1,600",470,-,"3,250","2,180","2,220","5,050",-,240,"1,410","2,260","2,360","3,690","2,990"
Bukit Batok,Hillview,"19,300","9,290","10,000",560,720,"1,040","1,350","1,600","1,490","1,060","1,010","1,200","1,640","1,840","1,860","1,400","1,080",680,360,220,130,70,"16,680",340,"1,210","1,070",-,-,-,-,"16,920","2,150",230,410,430,"2,120","4,510","11,600"
Bukit Batok,Hong Kah North,"26,150","13,030","13,120",870,930,"1,210","1,440","1,680","2,110","1,800","1,650","1,630","1,900","2,040","2,370","2,460","1,810","1,100",540,340,180,90,"16,580","6,100","2,840",640,770,"7,500","12,360","4,050","1,250",-,230,770,"7,500","9,320","3,700","4,630"
Bukit Merah,Total,"151,250","72,730","78,520","5,970","6,470","6,670","6,130","6,640","8,890","10,540","10,650","11,750","11,830","10,630","10,670","11,110","10,220","9,130","5,620","4,410","2,400","1,530","120,830","11,430","13,980","5,010","21,550","35,250","48,210","30,040","14,160",460,"1,600","30,010","27,880","42,810","31,450","17,440"
Bukit Merah,Alexandra Hill,"13,490","6,630","6,860",370,420,570,630,790,870,840,720,750,950,960,"1,070","1,140","1,070",950,540,410,280,170,"9,850","1,950","1,410",280,"3,770","2,460","3,730","3,090",-,-,450,"4,730","1,450","2,510","1,990","2,360"
Bukit Merah,Alexandra North,"2,620","1,230","1,400",160,200,160,110,100,130,240,320,330,300,180,130,100,70,40,30,20,10,-,"2,200",20,230,180,-,-,-,-,"2,620",-,-,120,470,330,"1,140",570
Bukit Merah,Bukit Ho Swee,"14,390","7,050","7,340",460,570,560,500,620,820,930,980,960,"1,010",970,"1,120","1,270","1,110",930,630,490,270,190,"11,570","1,290","1,160",380,"3,540","5,250","3,140","1,850",530,-,80,"6,270","2,520","3,200","1,930",380
Bukit Merah,Bukit Merah,"1,110",550,570,30,50,60,60,70,60,60,60,70,80,90,90,70,80,90,50,30,10,10,920,10,140,40,-,150,10,930,-,-,30,-,140,10,870,60
Bukit Merah,City Terminals,20,-,-,-,-,-,-,-,-,-,-,-,-,-,-,-,-,-,-,-,-,-,-,-,-,-,-,-,-,-,-,-,-,-,-,-,-,-
Bukit Merah,Depot Road,"6,540","3,090","3,450",350,400,380,280,280,310,470,570,670,620,440,370,340,330,320,190,120,60,40,"5,290",170,780,300,150,330,"2,080","2,010","1,970",-,-,150,370,"2,240","2,160","1,630"
Bukit Merah,Everton Park,"7,810","3,680","4,120",220,290,310,310,330,470,510,540,590,680,570,520,580,620,500,310,250,130,80,"6,240",420,810,340,420,"1,550","2,010","3,190",380,180,80,880,"1,410","1,930","1,610","1,900"
Bukit Merah,Henderson Hill,"13,320","6,490","6,830",440,450,490,530,660,860,930,780,780,890,"1,010","1,050","1,140",970,890,550,500,280,150,"10,240","1,480","1,240",370,"3,680","4,260","3,870","1,290",190,-,30,"3,820","5,300","2,270","1,010",890
Bukit Merah,Kampong Tiong Bahru,"9,010","4,440","4,560",220,240,340,350,430,530,490,490,540,650,690,720,780,790,700,420,360,170,100,"6,900",960,930,220,"1,960","3,930","1,810","1,150",-,-,170,"3,070","2,500",840,"1,960",470
Bukit Merah,Maritime Square,"3,620","1,770","1,850",200,240,190,170,110,140,180,360,430,400,310,240,190,140,120,70,70,50,40,"2,570",70,370,610,-,-,-,-,"3,160",80,380,30,140,330,730,"2,010"
Bukit Merah,Redhill,"10,620","5,150","5,470",490,640,660,500,470,630,650,750,"1,080",900,790,730,620,510,440,270,230,120,140,"8,530",860,900,330,"1,920",360,"3,030","3,190","2,020",-,110,"2,230",350,"3,280","2,430","2,230"
Bukit Merah,Singapore General Hospital,10,-,-,-,-,-,-,-,-,-,-,-,-,-,-,-,-,-,-,-,-,-,-,-,-,-,-,-,-,-,-,-,-,-,-,-,-,-
Bukit Merah,Telok Blangah Drive,"19,320","9,170","10,140","1,190",870,740,710,710,"1,090","2,010","1,680","1,550","1,390","1,180","1,230","1,200","1,150","1,110",660,480,260,120,"15,760","1,340","1,730",490,"1,550","5,190","8,580","3,430",510,10,50,"1,570","4,800","9,040","2,780","1,080"
Bukit Merah,Telok Blangah Rise,"12,150","5,740","6,420",350,390,430,510,580,740,660,680,840,920,850,860,"1,030","1,120",970,580,360,180,100,"9,760",700,"1,400",300,840,"3,950","5,220","1,130",780,170,70,"2,110","2,690","1,940","3,870","1,480"
Bukit Merah,Telok Blangah Way,"9,230","4,610","4,620",240,340,380,350,380,480,460,540,690,770,680,740,820,710,620,420,310,180,110,"7,100","1,010",930,180,"1,710","4,390","1,570","1,500",-,-,50,"2,320","3,780","1,410","1,320",350
Bukit Merah,Tiong Bahru,"12,890","5,990","6,900",690,670,560,430,440,720,"1,080","1,120","1,250","1,020",800,730,790,810,690,440,340,170,150,"11,400",250,780,460,390,"2,740","6,280","2,700",690,10,80,390,"1,890","7,030","3,200",290
Bukit Merah,Tiong Bahru Station,"15,120","7,140","7,980",560,690,830,700,670,"1,050","1,010","1,060","1,230","1,250","1,110","1,070","1,050",750,780,480,440,230,140,"12,500",920,"1,170",530,"1,620",700,"6,890","4,590","1,290",-,20,"2,320",60,"6,470","4,460","1,750"
Bukit Panjang,Total,"138,270","68,150","70,120","6,250","7,090","7,310","8,150","9,290","10,530","10,460","10,100","9,360","10,490","10,100","11,250","10,280","7,370","4,790","2,400","1,670",890,490,"102,800","21,690","10,340","3,450","2,400","9,840","55,310","48,290","19,050","3,190",190,"2,800","11,030","30,360","51,690","42,200"
Bukit Panjang,Bangkit,"22,270","11,010","11,260",680,730,930,"1,190","1,520","1,900","1,560","1,230","1,340","1,540","1,730","2,190","2,020","1,440",970,580,390,230,120,"16,630","3,800","1,420",410,-,"2,810","11,830","5,310","2,320",-,-,10,"3,190","2,780","9,770","6,510"
Bukit Panjang,Dairy Farm,"6,940","3,350","3,590",310,390,440,510,450,470,460,440,560,640,560,550,430,310,210,90,70,30,20,"5,990",110,430,400,-,-,-,-,"4,880","2,050",10,130,350,560,"2,010","3,880"
Bukit Panjang,Fajar,"27,820","13,870","13,950","1,530","1,680","1,580","1,590","1,720","2,140","2,350","2,240","1,970","1,980","1,850","2,140","1,820","1,380",870,470,310,150,70,"18,950","5,950","2,270",650,520,"1,930","13,670","11,700",-,-,-,520,"1,930","7,790","10,870","6,710"
Bukit Panjang,Jelebu,"31,310","15,370","15,940",930,"1,090","1,410","1,840","2,440","2,750","2,190","1,740","1,840","2,380","2,600","2,890","2,660","1,930","1,230",620,460,220,110,"24,700","3,770","2,100",740,-,"3,810","9,650","10,700","6,530",620,10,250,"4,190","2,840","11,510","12,500"
Bukit Panjang,Nature Reserve,"3,850","1,810","2,040",150,190,240,250,280,260,200,220,260,370,350,340,270,190,150,60,60,20,20,"3,170",80,300,300,-,-,-,-,"3,290",530,40,-,20,260,"1,220","2,320"
Bukit Panjang,Saujana,"25,920","12,830","13,090","1,520","1,660","1,460","1,510","1,740","1,820","2,130","2,300","1,840","1,870","1,710","1,880","1,840","1,230",720,290,200,120,80,"18,540","4,630","2,250",510,280,700,"10,470","12,430","2,040",-,-,280,760,"6,440","9,680","8,760"
Bukit Panjang,Senja,"20,170","9,920","10,260","1,130","1,360","1,260","1,260","1,150","1,190","1,570","1,930","1,570","1,730","1,320","1,260","1,240",890,640,290,190,120,70,"14,810","3,360","1,560",440,"1,600",600,"9,700","8,150",-,-,120,"1,600",600,"9,700","6,630","1,520"
Bukit Timah,Total,"77,860","35,980","41,880","3,130","4,900","4,950","4,850","4,630","4,570","4,120","4,800","5,790","6,730","6,060","5,310","4,950","4,220","3,650","2,160","1,590",920,550,"67,400",640,"3,840","5,980",190,900,"2,510","3,430","37,100","32,790",940,930,"1,940","4,660","6,960","62,330"
Bukit Timah,Anak Bukit,"21,870","10,370","11,500",700,"1,080","1,190","1,310","1,430","1,660","1,310","1,260","1,370","1,640","1,600","1,580","1,730","1,400","1,080",650,470,270,150,"19,930",210,880,850,190,50,"2,020","3,120","8,730","7,570",180,510,420,"1,360","3,370","16,020"
Bukit Timah,Coronation Road,"6,690","3,050","3,650",300,500,490,440,380,330,330,440,540,610,480,400,360,330,280,220,150,80,50,"5,880",30,280,510,-,-,-,-,"2,310","4,120",270,40,40,220,220,"5,900"
Bukit Timah,Farrer Court,"6,180","2,900","3,280",300,490,440,370,280,290,350,470,530,630,490,380,290,240,260,140,110,70,40,"5,430",90,270,390,-,840,490,300,"3,480","1,000",50,130,950,810,630,"3,590"
Bukit Timah,Hillcrest,"9,470","4,170","5,300",440,780,610,600,560,420,410,650,760,850,740,640,560,390,400,260,210,130,70,"7,890",60,580,950,-,-,-,-,"4,080","5,190",200,110,210,650,550,"7,740"
Bukit Timah,Holland Road,"10,840","4,800","6,040",460,780,800,770,670,510,500,650,900,"1,080",920,700,560,500,410,260,200,100,70,"9,350",60,510,920,-,-,-,-,"6,540","4,220",90,60,120,910,840,"8,810"
Bukit Timah,Leedon Park,"6,440","2,960","3,480",300,320,400,370,360,360,350,400,500,570,580,440,390,350,360,180,110,60,50,"5,120",70,410,850,-,-,-,-,"2,160","4,270",10,30,100,170,210,"5,920"
Bukit Timah,Swiss Club,"5,340","2,470","2,880",240,320,340,330,300,330,280,360,400,430,420,350,320,300,210,150,120,80,60,"4,540",50,260,490,-,-,-,-,"1,850","3,380",110,50,90,160,640,"4,290"
Bukit Timah,Ulu Pandan,"11,020","5,280","5,740",400,630,680,650,640,660,570,580,800,930,820,830,740,710,660,310,230,130,60,"9,260",80,660,"1,020",-,-,-,-,"7,950","3,040",30,-,20,390,500,"10,070"
Central Water Catchment,Total,-,-,-,-,-,-,-,-,-,-,-,-,-,-,-,-,-,-,-,-,-,-,-,-,-,-,-,-,-,-,-,-,-,-,-,-,-,-
Central Water Catchment,Central Water Catchment,-,-,-,-,-,-,-,-,-,-,-,-,-,-,-,-,-,-,-,-,-,-,-,-,-,-,-,-,-,-,-,-,-,-,-,-,-,-
Changi,Total,"1,850",960,890,130,140,150,110,100,90,140,150,170,160,130,100,100,70,60,20,20,10,10,820,620,320,90,-,360,-,10,10,340,"1,140",20,360,-,50,290
Changi,Changi Airport,10,-,-,-,-,-,-,-,-,-,-,-,-,-,-,-,-,-,-,-,-,-,-,-,-,-,-,-,-,-,-,-,-,-,-,-,-,-
Changi,Changi Point,540,300,240,10,10,20,20,40,30,20,20,30,50,60,60,60,50,30,20,10,-,10,250,180,60,50,-,360,-,10,-,100,80,10,360,-,50,50
Changi,Changi West,"1,300",660,650,120,130,130,80,60,70,120,130,140,120,80,40,40,20,20,10,-,10,-,560,440,260,40,-,-,-,-,10,240,"1,050",10,-,-,-,240
Changi Bay,Total,-,-,-,-,-,-,-,-,-,-,-,-,-,-,-,-,-,-,-,-,-,-,-,-,-,-,-,-,-,-,-,-,-,-,-,-,-,-
Changi Bay,Changi Bay,-,-,-,-,-,-,-,-,-,-,-,-,-,-,-,-,-,-,-,-,-,-,-,-,-,-,-,-,-,-,-,-,-,-,-,-,-,-
Choa Chu Kang,Total,"192,070","95,690","96,380","8,990","9,280","10,210","12,090","15,450","16,610","14,430","13,200","12,640","14,130","16,080","16,140","12,760","8,590","5,380","2,680","1,840","1,040",540,"133,520","35,500","18,020","5,020","4,900","6,980","79,580","74,260","23,370","2,410",570,"5,470","7,530","31,640","85,560","61,300"
Choa Chu Kang,Choa Chu Kang Central,"22,530","11,180","11,340",820,"1,090","1,330","1,430","1,790","1,950","1,360","1,470","1,650","1,810","1,970","1,990","1,490","1,000",650,340,220,110,70,"17,320","2,870","1,760",580,-,-,"7,890","5,850","8,790",-,-,-,100,"1,380","13,400","7,650"
Choa Chu Kang,"Choa Chu Kang
North","31,930","15,860","16,070",850,"1,120","1,640","2,400","3,510","3,060","1,660","1,570","1,640","2,280","3,400","3,230","2,270","1,410",850,430,330,220,80,"22,490","5,360","3,160",910,"1,510",540,"8,980","16,260","2,290","2,190",170,"1,510",540,590,"9,960","19,160"
Choa Chu Kang,Keat Hong,"38,180","19,010","19,170","3,540","2,660","2,060","2,060","2,310","3,260","4,690","3,480","2,650","2,430","2,430","2,280","1,730","1,120",700,330,240,150,60,"25,720","8,370","3,320",780,"1,250","1,870","17,210","11,620","5,890",220,120,"1,660","2,350","11,940","16,560","5,550"
Choa Chu Kang,Peng Siang,"34,720","17,340","17,390","1,660","1,750","1,760","2,040","2,570","2,980","2,750","2,650","2,300","2,430","2,670","2,880","2,360","1,730","1,130",450,310,200,110,"23,160","6,990","3,730",860,410,660,"19,700","12,240","1,480",-,230,410,720,"6,540","19,030","7,800"
Choa Chu Kang,Teck Whye,"24,320","12,190","12,140",760,760,"1,010","1,350","1,910","2,310","1,600","1,370","1,260","1,640","1,910","2,440","2,070","1,570","1,040",620,400,200,110,"15,450","5,830","2,530",510,"1,740","3,910","10,440","7,930",260,-,40,"1,890","3,820","4,200","7,710","6,670"
Choa Chu Kang,Yew Tee,"40,390","20,100","20,280","1,360","1,890","2,400","2,810","3,370","3,060","2,390","2,660","3,140","3,560","3,700","3,330","2,840","1,760","1,010",510,350,160,100,"29,390","6,080","3,540","1,380",-,-,"15,360","20,350","4,670",-,10,-,20,"7,000","18,890","14,470"
Clementi,Total,"91,990","43,630","48,360","3,760","4,340","4,650","4,470","4,650","5,110","5,920","6,800","7,260","7,420","6,520","6,400","6,080","6,260","5,660","2,960","2,130","1,040",570,"73,630","8,270","6,970","3,120","2,490","25,880","26,430","12,610","17,640","5,730","1,210","3,410","22,720","30,770","13,880","19,970"
Clementi,Clementi Central,"14,000","6,600","7,400",480,610,700,660,710,880,830,910,"1,050","1,170",970,990,990,"1,000",910,510,340,190,110,"11,190","1,420",940,440,80,"4,480","5,370","1,430","1,390",950,290,80,"3,520","6,410","1,650","2,050"
Clementi,Clementi North,"28,810","13,400","15,410","1,390","1,220","1,160","1,130","1,290","1,540","2,190","2,350","2,210","2,160","1,880","1,980","1,840","2,040","1,970","1,030",820,390,230,"23,270","2,760","1,980",790,960,"11,420","11,010","5,090",-,-,330,"1,530","9,800","12,060","3,050","2,040"
Clementi,Clementi West,"15,260","7,310","7,950",480,630,740,760,840,810,820,"1,010","1,230","1,270","1,210","1,150","1,210","1,170",960,470,310,140,70,"10,940","2,190","1,700",440,-,"7,030","3,750","1,130","3,040",250,70,60,"6,100","5,370","2,530","1,130"
Clementi,Clementi Woods,"16,000","7,660","8,340",680,740,800,810,830,870,"1,060","1,250","1,190","1,200","1,110","1,180","1,060","1,060","1,000",530,380,170,90,"12,430","1,630","1,380",560,"1,450","2,740","5,190","3,020","2,920",280,400,"1,510","2,680","5,030","2,750","3,630"
Clementi,Faber,"5,360","2,620","2,740",270,430,440,320,280,290,370,470,540,500,360,290,220,220,160,110,60,40,20,"4,840",30,270,230,-,-,-,-,"3,780","1,520",70,90,290,"1,040","1,110","2,760"
Clementi,Pandan,20,-,-,-,-,-,-,-,-,-,-,-,-,-,-,-,-,-,-,-,-,-,-,-,-,-,-,-,-,-,-,-,-,-,-,-,-,-
Clementi,Sunset Way,"5,650","2,640","3,010",170,230,270,310,320,360,330,320,370,400,440,420,430,470,380,200,150,70,30,"4,740",180,360,380,-,210,"1,110","1,950","1,480",900,10,-,140,260,"1,080","4,160"
Clementi,Toh Tuck,20,-,-,-,-,-,-,-,-,-,-,-,-,-,-,-,-,-,-,-,-,-,-,-,-,-,-,-,-,-,-,-,-,-,-,-,-,-
Clementi,West Coast,"6,870","3,370","3,500",290,480,550,470,390,370,320,480,660,720,550,400,340,310,290,130,90,40,20,"6,190",70,340,270,-,-,-,-,"5,040","1,820",10,150,190,620,"1,700","4,200"
Downtown Core,Total,"3,190","1,590","1,600",110,110,60,100,100,230,330,410,340,330,250,220,190,130,130,50,50,20,60,"2,500",30,200,460,-,-,610,-,"2,290",-,290,300,410,"1,090",240,860
Downtown Core,Anson,80,-,-,-,-,-,-,-,-,-,-,-,-,-,-,-,-,-,-,-,-,-,-,-,-,-,-,-,-,-,-,-,-,-,-,-,-,-
Downtown Core,Bayfront Subzone,-,-,-,-,-,-,-,-,-,-,-,-,-,-,-,-,-,-,-,-,-,-,-,-,-,-,-,-,-,-,-,-,-,-,-,-,-,-
Downtown Core,Bugis,890,440,450,20,30,10,30,40,60,60,90,70,70,70,60,60,70,70,30,30,10,20,800,10,40,40,-,-,610,-,200,-,70,20,30,660,10,100
Downtown Core,Cecil,260,130,130,10,10,10,-,10,20,40,60,30,20,20,10,10,10,-,-,-,-,-,190,-,10,50,-,-,-,-,240,-,20,80,40,40,40,40
Downtown Core,Central Subzone,880,410,470,40,40,30,40,20,70,90,110,110,130,70,60,40,30,20,10,-,-,-,650,10,60,160,-,-,-,-,870,-,10,40,170,150,110,410
Downtown Core,City Hall,80,-,-,-,-,-,-,-,-,-,-,-,-,-,-,-,-,-,-,-,-,-,-,-,-,-,-,-,-,-,-,-,-,-,-,-,-,-
Downtown Core,Clifford Pier,-,-,-,-,-,-,-,-,-,-,-,-,-,-,-,-,-,-,-,-,-,-,-,-,-,-,-,-,-,-,-,-,-,-,-,-,-,-
Downtown Core,Marina Centre,10,-,-,-,-,-,-,-,-,-,-,-,-,-,-,-,-,-,-,-,-,-,-,-,-,-,-,-,-,-,-,-,-,-,-,-,-,-
Downtown Core,Maxwell,-,-,-,-,-,-,-,-,-,-,-,-,-,-,-,-,-,-,-,-,-,-,-,-,-,-,-,-,-,-,-,-,-,-,-,-,-,-
Downtown Core,Nicoll,290,150,140,10,10,10,10,10,30,20,20,30,20,30,30,30,10,20,-,-,-,-,210,-,20,60,-,-,-,-,270,-,10,10,50,40,30,150
Downtown Core,Phillip,10,-,-,-,-,-,-,-,-,-,-,-,-,-,-,-,-,-,-,-,-,-,-,-,-,-,-,-,-,-,-,-,-,-,-,-,-,-
Downtown Core,Raffles Place,40,-,-,-,-,-,-,-,-,-,-,-,-,-,-,-,-,-,-,-,-,-,-,-,-,-,-,-,-,-,-,-,-,-,-,-,-,-
Downtown Core,Tanjong Pagar,670,350,320,20,20,10,10,20,50,100,100,80,70,40,50,30,20,20,10,10,-,30,500,10,50,110,-,-,-,-,610,-,60,120,120,190,50,130
Geylang,Total,"110,110","54,260","55,860","3,960","4,270","4,800","4,840","5,750","7,930","8,280","7,810","7,840","8,190","7,850","8,600","8,800","7,300","5,690","3,240","2,580","1,500",890,"85,460","12,470","8,640","3,550","8,470","27,320","31,210","15,130","19,640","6,370","1,970","21,860","16,600","25,830","22,090","21,260"
Geylang,Aljunied,"39,990","19,740","20,250","1,250","1,500","1,730","1,670","1,920","2,840","3,000","2,960","2,980","3,260","2,860","3,070","3,120","2,620","2,080","1,170",980,580,390,"33,870","2,300","2,330","1,500","1,990","8,760","8,920","6,380","12,240",450,"1,260","4,660","7,940","8,100","10,900","6,810"
Geylang,Geylang East,"29,920","14,540","15,380","1,100","1,310","1,440","1,340","1,560","2,050","2,000","2,160","2,350","2,320","2,050","2,110","2,230","1,960","1,750",900,680,410,210,"22,210","4,100","2,520","1,100","1,950","6,250","6,710","3,790","6,690","4,160",370,"5,250","3,730","7,080","5,000","8,310"
Geylang,Kallang Way,30,-,-,-,-,-,-,-,-,-,-,-,-,-,-,-,-,-,-,-,-,-,-,-,-,-,-,-,-,-,-,-,-,-,-,-,-,-
Geylang,Kampong Ubi,"11,800","5,890","5,910",400,460,520,560,750,"1,040","1,010",800,800,750,750,"1,010","1,100",840,520,260,130,60,40,"8,110","2,340","1,030",330,-,960,"8,740","1,980",-,-,130,-,960,"5,570","3,170","1,980"
Geylang,Macpherson,"28,360","14,070","14,300","1,210","1,000","1,110","1,270","1,530","2,010","2,270","1,880","1,710","1,860","2,190","2,410","2,340","1,870","1,340",900,780,450,250,"21,240","3,740","2,750",630,"4,530","11,360","6,830","2,990",710,"1,770",170,"11,960","3,970","5,080","3,020","4,160"
Hougang,Total,"227,560","111,490","116,070","9,110","9,450","10,320","11,520","14,160","17,590","17,190","15,470","15,090","16,500","16,610","19,030","18,620","14,540","10,130","5,290","3,790","2,080","1,080","184,810","18,760","18,710","5,290","6,000","26,430","85,640","53,020","29,940","22,250","4,280","10,110","24,290","56,160","66,090","66,620"
Hougang,Defu Industrial Park,20,-,-,-,-,-,-,-,-,-,-,-,-,-,-,-,-,-,-,-,-,-,-,-,-,-,-,-,-,-,-,-,-,-,-,-,-,-
Hougang,Hougang Central,"4,720","2,350","2,370",130,130,210,280,340,440,350,260,240,320,400,400,430,310,210,110,90,40,30,"4,130",200,340,60,-,90,"1,400","2,040",270,880,40,90,190,430,"1,540","2,420"
Hougang,Hougang East,"24,920","12,110","12,810","1,360","1,230","1,040","1,090","1,470","2,110","2,290","2,160","1,710","1,640","1,610","2,070","1,870","1,370",920,480,280,150,80,"20,400","2,010","2,020",490,-,"1,590","13,400","7,940","1,980",-,20,70,"1,690","6,350","10,970","5,820"
Hougang,Hougang West,"45,460","22,410","23,050","1,330","1,420","1,730","2,000","2,910","4,030","3,540","2,750","2,580","2,960","3,310","4,430","4,410","3,390","2,210","1,090",730,430,220,"36,270","4,390","3,930",870,-,"7,810","24,750","11,650",760,-,500,"1,360","6,450","12,350","15,240","9,570"
Hougang,Kangkar,"32,290","15,740","16,540","1,760","1,740","1,570","1,600","1,690","2,040","2,710","2,800","2,480","2,520","2,170","2,290","2,200","1,810","1,280",740,540,250,120,"26,340","2,470","2,730",750,"1,230","5,900","9,850","4,560","10,290",360,100,"2,850","5,300","9,860","7,470","6,710"
Hougang,Kovan,"24,810","11,960","12,840",900,"1,110","1,270","1,420","1,650","1,890","1,660","1,560","1,700","1,960","1,740","1,940","1,920","1,510","1,120",590,450,240,180,"22,240",550,"1,350",670,-,690,"2,190",990,"8,870","11,770",290,370,"1,050","3,410","3,450","16,240"
Hougang,Lorong Ah Soo,"32,320","15,270","17,050",950,"1,140","1,390","1,690","1,910","2,270","2,180","2,010","2,180","2,490","2,410","2,580","2,700","2,300","1,810",980,750,410,180,"27,060","2,290","2,360",620,-,"7,700","9,600","6,780","4,300","3,730",220,430,"6,820","6,620","7,150","11,070"
Hougang,Lorong Halus,-,-,-,-,-,-,-,-,-,-,-,-,-,-,-,-,-,-,-,-,-,-,-,-,-,-,-,-,-,-,-,-,-,-,-,-,-,-
Hougang,Tai Seng,"13,830","6,670","7,160",430,560,690,750,970,990,830,740,850,950,"1,020","1,180","1,170",970,670,420,350,200,120,"11,370","1,130","1,070",270,"1,340",550,"4,470","2,260",700,"4,140",380,"1,500",650,870,"4,270","6,160"
Hougang,Trafalgar,"49,200","24,950","24,240","2,260","2,110","2,420","2,700","3,220","3,830","3,640","3,210","3,340","3,670","3,950","4,150","3,930","2,880","1,910",880,600,350,150,"37,000","5,720","4,920","1,560","3,430","2,090","19,990","16,810","2,780","1,370","2,730","3,430","2,140","16,270","15,990","8,640"
Jurong East,Total,"78,600","38,930","39,670","2,510","2,900","3,530","4,160","4,760","5,700","5,370","5,090","5,210","5,860","5,640","6,220","6,680","5,950","4,410","2,050","1,410",750,390,"55,440","12,700","8,610","1,850","2,200","17,510","25,440","25,790","6,910",-,750,"2,320","15,860","19,780","19,060","20,820"
Jurong East,International Business Park,10,-,-,-,-,-,-,-,-,-,-,-,-,-,-,-,-,-,-,-,-,-,-,-,-,-,-,-,-,-,-,-,-,-,-,-,-,-
Jurong East,Jurong Gateway,450,210,240,20,20,20,30,20,50,40,40,50,60,30,20,20,10,10,10,-,-,-,410,-,30,10,-,-,-,-,440,-,10,110,80,190,50,20
Jurong East,Jurong Port,-,-,-,-,-,-,-,-,-,-,-,-,-,-,-,-,-,-,-,-,-,-,-,-,-,-,-,-,-,-,-,-,-,-,-,-,-,-
Jurong East,Jurong River,10,-,-,-,-,-,-,-,-,-,-,-,-,-,-,-,-,-,-,-,-,-,-,-,-,-,-,-,-,-,-,-,-,-,-,-,-,-
Jurong East,Lakeside (Business),-,-,-,-,-,-,-,-,-,-,-,-,-,-,-,-,-,-,-,-,-,-,-,-,-,-,-,-,-,-,-,-,-,-,-,-,-,-
Jurong East,Lakeside (Leisure),"1,070",570,500,20,20,20,30,30,50,50,60,60,70,80,70,100,120,110,80,60,30,10,910,40,80,40,-,-,-,-,790,-,280,-,-,-,50,740
Jurong East,Penjuru Crescent,10,-,-,-,-,-,-,-,-,-,-,-,-,-,-,-,-,-,-,-,-,-,-,-,-,-,-,-,-,-,-,-,-,-,-,-,-,-
Jurong East,Teban Gardens,"18,530","9,250","9,280",760,840,890,930,"1,050","1,150","1,240","1,350","1,340","1,340","1,270","1,360","1,350","1,410","1,170",530,330,150,80,"11,490","4,590","2,110",350,190,"4,810","8,800","4,710",-,-,30,190,"4,630","8,300","3,940","1,450"
Jurong East,Toh Guan,"14,590","7,230","7,360",420,500,670,860,"1,000","1,260","1,080",920,890,"1,120","1,070","1,280","1,400","1,010",570,240,170,110,50,"11,160","1,560","1,470",390,-,570,"5,300","8,720",-,-,10,-,560,"2,780","4,150","7,090"
Jurong East,Yuhua East,"24,770","12,120","12,650",690,830,"1,040","1,240","1,420","1,790","1,650","1,610","1,690","1,810","1,750","1,890","2,170","1,960","1,560",720,510,280,150,"17,960","3,570","2,700",550,300,"8,240","6,440","6,930","2,600",-,260,300,"7,060","7,340","5,130","4,670"
Jurong East,Yuhua West,"19,160","9,530","9,630",600,690,900,"1,070","1,240","1,400","1,310","1,100","1,200","1,460","1,440","1,600","1,640","1,430","1,010",480,340,170,100,"13,480","2,940","2,220",510,"1,710","3,890","4,910","5,430","3,070",-,140,"1,730","3,530","1,170","5,740","6,840"
Jurong West,Total,"262,730","131,900","130,840","10,580","13,000","14,990","16,110","17,400","19,300","18,330","19,890","20,880","21,220","20,120","19,360","17,820","14,550","9,650","4,560","2,820","1,420",730,"183,590","46,520","26,360","6,260","8,220","32,530","99,630","99,920","17,390","4,270",780,"12,860","27,890","49,650","107,010","64,550"
Jurong West,Boon Lay Place,"29,340","15,060","14,270","1,520","1,630","1,600","1,670","1,850","1,960","2,270","2,470","2,140","2,240","2,250","2,120","1,790","1,500","1,090",590,390,170,90,"19,040","6,840","2,710",740,"3,640","12,750","5,620","6,140","1,130",-,60,"7,970","8,420","3,740","6,250","2,900"
Jurong West,Chin Bee,-,-,-,-,-,-,-,-,-,-,-,-,-,-,-,-,-,-,-,-,-,-,-,-,-,-,-,-,-,-,-,-,-,-,-,-,-,-
Jurong West,Hong Kah,"53,890","26,650","27,230","1,870","2,180","2,590","3,060","3,320","3,730","3,720","3,710","3,840","4,190","3,960","4,010","4,310","3,900","2,790","1,330",800,400,180,"36,750","10,240","5,690","1,200",810,"11,860","23,550","12,790","4,770",-,100,990,"11,390","9,730","20,710","10,960"
Jurong West,Jurong West Central,"63,760","31,810","31,950","2,530","3,570","4,190","4,040","3,750","4,160","4,690","5,490","6,140","5,760","4,590","4,170","4,040","3,160","1,880",770,490,240,120,"49,000","7,450","5,290","2,030",50,630,"23,690","38,200","1,190",-,-,50,630,"22,560","29,750","10,770"
Jurong West,Kian Teck,40,-,-,-,-,-,-,-,-,-,-,-,-,-,-,-,-,-,-,-,-,-,-,-,-,-,-,-,-,-,-,-,-,-,-,-,-,-
Jurong West,Safti,-,-,-,-,-,-,-,-,-,-,-,-,-,-,-,-,-,-,-,-,-,-,-,-,-,-,-,-,-,-,-,-,-,-,-,-,-,-
Jurong West,Taman Jurong,"39,920","19,920","20,000","2,030","2,180","2,260","2,430","2,650","2,860","2,910","3,120","3,040","3,160","3,230","2,840","2,490","1,970","1,330",660,410,250,110,"28,610","6,500","3,910",890,"2,190","5,050","13,500","12,150","6,310",690,30,"2,330","5,140","7,830","13,810","10,790"
Jurong West,Wenya,"8,280","4,170","4,110",440,610,670,540,380,460,500,820,900,740,540,420,390,330,220,120,80,60,50,"5,360","1,520","1,150",250,-,-,"3,070","5,020",-,-,190,-,-,"3,070","4,170",850
Jurong West,Yunnan,"67,500","34,250","33,250","2,190","2,830","3,680","4,370","5,440","6,130","4,240","4,280","4,810","5,130","5,550","5,790","4,800","3,690","2,340","1,080",650,310,190,"44,790","13,970","7,600","1,150","1,520","2,240","30,200","25,620","4,000","3,580",350,"1,520","2,310","2,730","32,320","28,280"
Kallang,Total,"101,290","50,040","51,260","3,930","4,130","4,100","4,280","4,560","5,980","7,180","7,290","7,830","8,140","7,320","7,490","7,750","6,930","5,760","3,420","2,760","1,430","1,000","77,010","7,000","14,510","2,780","11,370","25,430","27,890","14,490","19,090","1,380","1,640","16,830","21,690","23,670","21,780","15,380"
Kallang,Bendemeer,"37,570","18,240","19,330","1,900","1,760","1,460","1,370","1,490","2,310","3,280","3,240","3,070","2,740","2,350","2,380","2,690","2,500","1,990","1,220",940,500,370,"31,040","1,380","4,450",690,"1,890","9,110","14,630","5,640","4,890",700,720,"3,240","8,450","12,090","8,670","4,410"
Kallang,Boon Keng,"11,790","5,630","6,160",410,450,410,500,550,760,860,800,810,850,880,910,970,840,710,410,370,210,120,"9,530","1,090",890,280,950,"2,560","5,270","2,810",50,90,60,950,"2,580","4,930","2,740",530
Kallang,Crawford,"8,380","4,630","3,750",220,200,240,260,330,430,400,390,460,550,620,810,860,790,730,440,350,180,130,"5,670","1,600",900,220,"4,270","2,290",720,700,330,-,90,"5,430","1,620",490,350,410
Kallang,Geylang Bahru,"11,280","5,620","5,660",270,330,440,530,600,660,660,630,780,940,940,980,940,810,670,430,360,200,120,"8,480","1,310","1,310",180,"1,080","6,790","1,370","1,970",-,-,70,"1,930","5,750","1,140","1,910",470
Kallang,Kallang Bahru,20,-,-,-,-,-,-,-,-,-,-,-,-,-,-,-,-,-,-,-,-,-,-,-,-,-,-,-,-,-,-,-,-,-,-,-,-,-
Kallang,Kampong Bugis,920,460,460,40,20,20,40,50,100,80,70,60,70,50,60,90,70,60,20,10,10,10,760,40,100,20,-,-,580,100,230,-,20,20,-,60,620,200
Kallang,Kampong Java,"10,530","5,140","5,390",330,450,460,450,520,640,660,710,830,920,780,790,760,700,650,350,300,140,100,"8,220",330,"1,580",400,330,"1,710","3,430","1,550","2,840",550,130,550,"1,860","3,550","2,780","1,420"
Kallang,Lavender,"9,690","5,070","4,610",350,400,430,430,430,580,640,670,770,870,720,750,730,640,540,290,250,110,90,"6,740",840,"1,760",340,"2,360","1,140","1,520",880,"3,330",30,420,"3,090",880,"1,050","3,130","1,090"
Kallang,Tanjong Rhu,"11,110","5,230","5,880",410,530,630,700,590,500,600,790,"1,050","1,200",990,820,690,580,420,270,180,80,70,"6,560",390,"3,520",640,490,"1,840",380,830,"7,440",10,120,"1,630",560,370,"1,580","6,850"
Lim Chu Kang,Total,110,60,50,10,-,10,10,10,10,-,10,-,10,10,10,10,10,10,-,-,-,-,100,-,-,-,-,-,-,-,-,-,110,-,-,-,-,-
Lim Chu Kang,Lim Chu Kang,110,60,50,10,-,10,10,10,10,-,10,-,10,10,10,10,10,10,-,-,-,-,100,-,-,-,-,-,-,-,-,-,110,-,-,-,-,-
Mandai,Total,"2,090",990,"1,100",60,90,120,130,170,170,120,130,140,190,160,180,150,90,80,40,30,20,10,"1,650",110,270,60,-,-,-,-,"1,300",730,60,-,10,160,370,"1,490"
Mandai,Mandai East,-,-,-,-,-,-,-,-,-,-,-,-,-,-,-,-,-,-,-,-,-,-,-,-,-,-,-,-,-,-,-,-,-,-,-,-,-,-
Mandai,Mandai Estate,"2,090",990,"1,100",60,90,120,130,170,170,120,130,140,190,160,180,150,90,80,40,30,20,10,"1,650",110,270,60,-,-,-,-,"1,300",730,60,-,10,160,370,"1,490"
Mandai,Mandai West,-,-,-,-,-,-,-,-,-,-,-,-,-,-,-,-,-,-,-,-,-,-,-,-,-,-,-,-,-,-,-,-,-,-,-,-,-,-
Marina East,Total,-,-,-,-,-,-,-,-,-,-,-,-,-,-,-,-,-,-,-,-,-,-,-,-,-,-,-,-,-,-,-,-,-,-,-,-,-,-
Marina East,Marina East,-,-,-,-,-,-,-,-,-,-,-,-,-,-,-,-,-,-,-,-,-,-,-,-,-,-,-,-,-,-,-,-,-,-,-,-,-,-
Marina South,Total,-,-,-,-,-,-,-,-,-,-,-,-,-,-,-,-,-,-,-,-,-,-,-,-,-,-,-,-,-,-,-,-,-,-,-,-,-,-
Marina South,Marina South,-,-,-,-,-,-,-,-,-,-,-,-,-,-,-,-,-,-,-,-,-,-,-,-,-,-,-,-,-,-,-,-,-,-,-,-,-,-
Marine Parade,Total,"46,220","21,700","24,520","1,890","2,420","2,420","2,360","2,390","2,500","2,390","3,070","3,730","4,150","3,440","3,270","3,020","2,560","2,480","1,550","1,340",750,490,"35,050","3,120","5,510","2,530","3,270","6,140","4,730","5,330","17,070","9,250",430,"4,130","6,270","6,500","6,120","22,370"
Marine Parade,East Coast,-,-,-,-,-,-,-,-,-,-,-,-,-,-,-,-,-,-,-,-,-,-,-,-,-,-,-,-,-,-,-,-,-,-,-,-,-,-
Marine Parade,Katong,"9,360","4,440","4,910",390,500,490,500,500,560,490,670,830,880,710,670,600,500,410,250,210,130,90,"8,050",110,650,550,-,-,-,-,"4,950","4,170",240,230,330,840,"1,030","6,390"
Marine Parade,Marina East (Mp),-,-,-,-,-,-,-,-,-,-,-,-,-,-,-,-,-,-,-,-,-,-,-,-,-,-,-,-,-,-,-,-,-,-,-,-,-,-
Marine Parade,Marine Parade,"26,880","12,530","14,350","1,060","1,420","1,390","1,300","1,320","1,330","1,320","1,730","2,100","2,360","2,010","1,870","1,770","1,520","1,550","1,050",960,500,320,"19,860","2,940","2,650","1,430","3,270","6,140","4,730","5,330","7,200",120,90,"3,850","5,920","5,270","4,380","7,290"
Marine Parade,Mountbatten,"9,980","4,720","5,260",450,490,540,560,570,610,580,680,800,910,720,740,650,540,520,250,170,120,90,"7,140",70,"2,220",550,-,-,-,-,"4,920","4,960",110,50,20,390,710,"8,690"
Museum,Total,510,260,250,20,30,10,20,20,30,50,70,60,60,40,40,20,20,20,10,-,-,10,360,-,40,110,-,-,-,-,490,-,20,50,60,80,70,210
Museum,Bras Basah,10,-,-,-,-,-,-,-,-,-,-,-,-,-,-,-,-,-,-,-,-,-,-,-,-,-,-,-,-,-,-,-,-,-,-,-,-,-
Museum,Dhoby Ghaut,320,160,160,10,20,-,10,10,20,50,60,50,30,20,20,10,10,10,-,-,-,-,260,-,20,40,-,-,-,-,310,-,10,50,60,70,70,40
Museum,Fort Canning,190,90,90,10,10,10,10,10,10,10,10,20,30,20,20,10,10,10,-,-,-,-,90,-,20,70,-,-,-,-,180,-,10,-,-,10,-,170
Newton,Total,"8,260","3,950","4,310",380,590,520,380,340,390,470,620,770,850,690,600,470,400,370,160,120,90,60,"6,110",60,750,"1,340",-,-,-,-,"7,440",580,240,190,240,300,570,"6,560"
Newton,Cairnhill,"3,880","1,830","2,060",180,260,240,170,170,190,240,320,360,390,320,270,230,190,170,70,60,40,30,"2,910",30,360,580,-,-,-,-,"3,280",420,190,80,90,170,210,"3,060"
Newton,Goodwood Park,"1,260",600,660,70,140,90,60,40,60,80,100,130,130,80,90,60,50,40,20,20,10,10,"1,020",-,70,160,-,-,-,-,"1,100",120,40,30,80,80,150,870
Newton,Istana Negara,60,-,-,-,-,-,-,-,-,-,-,-,-,-,-,-,-,-,-,-,-,-,-,-,-,-,-,-,-,-,-,-,-,-,-,-,-,-
Newton,Monk's Hill,"1,030",520,510,60,80,60,50,50,50,50,80,100,110,80,80,50,40,40,30,20,10,10,770,10,120,140,-,-,-,-,"1,030",10,-,60,-,30,100,780
Newton,Newton Circus,250,140,110,10,20,20,10,10,10,10,20,30,30,30,20,10,10,10,-,-,-,-,180,-,20,50,-,-,-,-,210,30,10,-,-,-,40,200
Newton,Orange Grove,"1,790",840,950,70,90,110,80,70,80,90,100,150,180,170,150,130,120,100,40,30,20,10,"1,200",20,170,410,-,-,-,-,"1,770",10,-,-,50,20,70,"1,650"
North-Eastern Islands,Total,50,-,-,-,-,-,-,-,-,-,-,-,-,-,-,-,-,-,-,-,-,-,-,-,-,-,-,-,-,-,-,-,-,-,-,-,-,-
North-Eastern Islands,North-Eastern Islands,50,-,-,-,-,-,-,-,-,-,-,-,-,-,-,-,-,-,-,-,-,-,-,-,-,-,-,-,-,-,-,-,-,-,-,-,-,-
Novena,Total,"49,330","23,930","25,400","2,170","2,890","2,620","2,270","2,400","2,800","3,270","3,670","4,170","4,330","3,610","3,400","3,070","2,710","2,280","1,410","1,140",710,430,"40,720","1,730","4,140","2,740","1,630","7,660","7,940","4,540","19,010","7,760",790,"4,550","6,820","8,670","7,250","20,230"
Novena,Balestier,"32,430","15,670","16,760","1,320","1,430","1,460","1,390","1,620","2,000","2,420","2,410","2,510","2,730","2,390","2,320","2,240","1,900","1,640","1,010",850,500,300,"26,610","1,600","3,010","1,210","1,630","7,660","7,770","4,540","9,650",560,620,"4,160","6,320","7,100","5,550","8,090"
Novena,Dunearn,"3,960","1,800","2,150",140,210,280,260,260,220,170,190,260,330,330,310,250,220,190,140,100,70,40,"3,230",20,320,390,-,-,-,-,900,"3,050",10,-,10,50,70,"3,800"
Novena,Malcolm,"2,950","1,380","1,570",150,220,210,180,140,140,130,170,250,270,200,220,170,160,140,90,60,50,40,"2,430",30,180,320,-,-,-,-,740,"2,160",50,20,30,80,70,"2,700"
Novena,Moulmein,"9,300","4,720","4,580",530,"1,000",630,400,340,390,510,860,"1,130",960,630,500,370,370,270,160,120,80,40,"7,940",70,600,700,-,-,170,-,"7,720","1,310",110,370,450,"1,430","1,570","4,960"
Novena,Mount Pleasant,690,350,340,30,30,40,40,50,50,40,40,20,40,50,70,50,50,40,20,10,10,10,520,10,40,120,-,-,-,-,-,680,10,-,-,-,-,680
Orchard,Total,920,430,490,50,50,60,40,30,30,60,70,90,100,70,50,70,60,50,20,20,-,-,630,20,80,200,-,-,-,-,830,-,90,30,50,60,50,640
Orchard,Boulevard,410,210,200,20,20,20,10,10,20,30,30,30,40,20,20,40,40,20,10,10,-,-,290,10,20,90,-,-,-,-,340,-,70,20,20,20,30,260
Orchard,Somerset,140,60,80,10,10,-,-,10,10,10,10,10,10,20,-,10,-,10,-,-,-,-,120,-,10,10,-,-,-,-,120,-,10,10,30,30,20,40
Orchard,Tanglin,370,170,210,20,20,30,20,10,10,20,30,40,40,30,30,20,20,20,10,10,-,-,220,10,50,90,-,-,-,-,370,-,10,-,-,-,10,350
Outram,Total,"18,340","9,210","9,130",650,800,750,530,680,900,"1,070","1,270","1,500","1,430","1,230","1,400","1,460","1,360","1,250",710,660,340,360,"14,910","1,650","1,290",480,"5,290","4,920","4,760","2,050",840,10,470,"8,000","2,490","4,630","2,240",500
Outram,China Square,"1,430",670,760,30,30,30,30,50,70,80,110,90,120,90,130,130,160,130,60,60,30,20,"1,390",-,20,20,-,"1,300",-,70,50,-,10,800,490,-,30,100
Outram,Chinatown,"10,490","5,040","5,450",450,580,520,310,370,550,690,860,"1,140",880,690,690,660,580,550,320,290,160,190,"8,780",570,790,350,970,"2,560","4,500","1,960",310,10,190,"2,800",750,"4,620","1,980",150
Outram,Pearl's Hill,"6,120","3,370","2,750",170,190,190,180,250,250,260,270,250,400,440,570,650,600,550,330,300,140,160,"4,460","1,070",480,100,"4,320","1,070",250,20,200,-,260,"4,350","1,250",10,20,220
Outram,People's Park,290,140,160,-,-,-,10,10,40,40,30,20,30,10,20,20,30,20,10,10,10,-,290,-,-,-,-,-,-,-,290,-,-,50,-,-,220,30
Pasir Ris,Total,"147,110","72,540","74,570","5,690","6,550","7,700","9,360","12,450","13,400","9,040","8,890","9,790","10,850","13,010","13,830","10,200","6,750","4,330","2,230","1,620",920,520,"98,790","29,370","13,120","5,840","1,420",890,"38,800","61,510","36,780","7,110",610,"2,460","3,220","10,470","47,580","82,780"
Pasir Ris,Flora Drive,"14,680","7,200","7,470",530,690,850,940,"1,000","1,030",860,910,"1,260","1,360","1,260","1,200",980,670,480,260,210,110,80,"11,330","1,350","1,400",590,-,-,-,-,"11,110","3,240",320,380,680,"2,170","2,600","8,510"
Pasir Ris,Loyang East,"2,140","1,060","1,080",60,60,100,150,160,190,110,100,130,170,170,190,200,150,100,50,30,20,10,"1,590",100,280,180,-,-,-,-,890,"1,230",20,-,-,60,-,"2,050"
Pasir Ris,Loyang West,220,100,120,-,-,-,-,-,-,-,-,-,-,-,10,10,20,20,30,50,40,30,190,10,10,10,-,-,-,-,-,-,220,-,-,-,-,-
Pasir Ris,Pasir Ris Central,"32,240","15,750","16,490","1,640","1,730","1,670","1,860","2,450","2,680","2,390","2,510","2,270","2,280","2,590","2,890","2,100","1,340",830,450,310,180,90,"23,710","4,700","2,630","1,200",630,890,"6,770","13,810","9,770",370,-,880,"1,670","4,900","7,300","17,490"
Pasir Ris,Pasir Ris Drive,"54,420","26,940","27,480","1,730","1,990","2,570","3,380","4,960","5,870","3,260","2,650","2,880","3,460","4,750","5,660","4,380","2,930","1,880",900,640,360,190,"32,300","15,080","4,840","2,200",790,-,"21,720","30,190","1,720",-,10,790,-,770,"22,350","30,510"
Pasir Ris,Pasir Ris Park,"7,620","3,760","3,860",460,580,540,500,460,360,530,730,910,790,640,470,250,180,120,60,30,20,10,"5,960",790,560,320,-,-,-,-,"7,360",250,10,320,540,"1,520","2,450","2,780"
Pasir Ris,Pasir Ris Wafer Fab Park,10,-,-,-,-,-,-,-,-,-,-,-,-,-,-,-,-,-,-,-,-,-,-,-,-,-,-,-,-,-,-,-,-,-,-,-,-,-
Pasir Ris,Pasir Ris West,"35,790","17,720","18,070","1,260","1,500","1,960","2,530","3,420","3,280","1,880","2,000","2,350","2,800","3,590","3,430","2,280","1,460",900,500,350,200,110,"23,710","7,330","3,410","1,340",-,-,"10,320","17,510","5,930","2,030",10,90,330,"1,050","12,890","21,430"
Paya Lebar,Total,40,-,-,-,-,-,-,-,-,-,-,-,-,-,-,-,-,-,-,-,-,-,-,-,-,-,-,-,-,-,-,-,-,-,-,-,-,-
Paya Lebar,Airport Road,-,-,-,-,-,-,-,-,-,-,-,-,-,-,-,-,-,-,-,-,-,-,-,-,-,-,-,-,-,-,-,-,-,-,-,-,-,-
Paya Lebar,Paya Lebar East,10,-,-,-,-,-,-,-,-,-,-,-,-,-,-,-,-,-,-,-,-,-,-,-,-,-,-,-,-,-,-,-,-,-,-,-,-,-
Paya Lebar,Paya Lebar North,30,-,-,-,-,-,-,-,-,-,-,-,-,-,-,-,-,-,-,-,-,-,-,-,-,-,-,-,-,-,-,-,-,-,-,-,-,-
Paya Lebar,Paya Lebar West,-,-,-,-,-,-,-,-,-,-,-,-,-,-,-,-,-,-,-,-,-,-,-,-,-,-,-,-,-,-,-,-,-,-,-,-,-,-
Paya Lebar,Plab,-,-,-,-,-,-,-,-,-,-,-,-,-,-,-,-,-,-,-,-,-,-,-,-,-,-,-,-,-,-,-,-,-,-,-,-,-,-
Pioneer,Total,80,-,-,-,-,-,-,-,-,-,-,-,-,-,-,-,-,-,-,-,-,-,-,-,-,-,-,-,-,-,-,-,-,-,-,-,-,-
Pioneer,Benoi Sector,10,-,-,-,-,-,-,-,-,-,-,-,-,-,-,-,-,-,-,-,-,-,-,-,-,-,-,-,-,-,-,-,-,-,-,-,-,-
Pioneer,Gul Basin,10,-,-,-,-,-,-,-,-,-,-,-,-,-,-,-,-,-,-,-,-,-,-,-,-,-,-,-,-,-,-,-,-,-,-,-,-,-
Pioneer,Gul Circle,20,-,-,-,-,-,-,-,-,-,-,-,-,-,-,-,-,-,-,-,-,-,-,-,-,-,-,-,-,-,-,-,-,-,-,-,-,-
Pioneer,Joo Koon,30,-,-,-,-,-,-,-,-,-,-,-,-,-,-,-,-,-,-,-,-,-,-,-,-,-,-,-,-,-,-,-,-,-,-,-,-,-
Pioneer,Pioneer Sector,-,-,-,-,-,-,-,-,-,-,-,-,-,-,-,-,-,-,-,-,-,-,-,-,-,-,-,-,-,-,-,-,-,-,-,-,-,-
Punggol,Total,"174,450","85,940","88,520","16,160","15,330","11,410","8,570","6,820","8,330","17,200","22,190","17,420","14,040","9,290","7,890","6,440","5,370","3,990","1,900","1,190",620,330,"131,940","26,050","12,190","4,270","9,290","14,540","70,500","57,240","22,330",310,250,"9,830","15,620","77,380","61,210","10,150"
Punggol,Coney Island,-,-,-,-,-,-,-,-,-,-,-,-,-,-,-,-,-,-,-,-,-,-,-,-,-,-,-,-,-,-,-,-,-,-,-,-,-,-
Punggol,Matilda,"52,200","25,610","26,590","5,430","4,850","3,150","2,210","1,860","2,640","5,470","7,490","5,120","3,820","2,550","2,140","1,730","1,550","1,120",540,320,150,80,"39,660","7,970","3,360","1,210","3,920","5,580","20,700","12,340","9,670",-,-,"4,000","6,180","23,050","16,760","2,200"
Punggol,Northshore,460,230,220,20,20,20,30,40,40,40,10,30,40,40,30,40,20,20,10,10,10,-,370,30,30,20,50,10,70,20,-,310,-,50,10,70,20,310
Punggol,Punggol Canal,-,-,-,-,-,-,-,-,-,-,-,-,-,-,-,-,-,-,-,-,-,-,-,-,-,-,-,-,-,-,-,-,-,-,-,-,-,-
Punggol,Punggol Field,"48,960","24,120","24,840","2,420","3,360","3,940","3,390","2,650","2,470","2,760","4,020","5,100","5,150","3,390","2,930","2,510","1,920","1,430",680,470,240,140,"37,330","6,010","4,270","1,350","1,030",380,"13,380","28,380","5,560",-,240,"1,040",650,"14,990","26,710","5,340"
Punggol,"Punggol Town 
Centre","22,260","10,920","11,340","2,820","2,180","1,140",810,640,"1,010","3,030","3,430","2,130","1,440",980,790,620,500,380,170,130,70,30,"17,040","3,510","1,140",580,"1,350","3,500","11,460","4,690","1,250",-,10,"1,800","3,610","11,590","4,640",610
Punggol,Waterway East,"50,580","25,050","25,530","5,470","4,930","3,160","2,140","1,640","2,160","5,910","7,240","5,040","3,590","2,340","2,000","1,540","1,390","1,040",500,270,160,70,"37,530","8,530","3,390","1,120","2,940","5,080","24,900","11,820","5,860",-,-,"2,940","5,180","27,680","13,090","1,700"
Queenstown,Total,"95,930","45,120","50,820","3,980","4,280","4,190","4,120","4,620","5,910","6,640","7,180","7,300","7,430","6,850","6,850","6,260","5,720","5,420","3,480","3,000","1,760",930,"78,220","6,940","7,060","3,710","7,670","29,740","27,570","14,060","11,910","3,540","1,460","18,840","19,210","26,010","14,640","15,490"
Queenstown,Commonwealth,"7,000","3,230","3,770",140,200,260,280,300,400,420,420,460,570,570,610,570,460,440,320,300,200,100,"5,250","1,000",460,290,"1,600","5,120",260,-,-,-,30,"5,240","1,470",-,110,160
Queenstown,Dover,"11,080","5,260","5,820",350,540,650,630,650,670,550,690,890,950,910,820,700,610,620,370,310,130,60,"9,260",470,940,410,350,"2,100","2,970","2,800","2,580",40,240,350,"2,060","3,680","2,790","1,960"
Queenstown,Ghim Moh,"13,850","6,470","7,380",850,660,560,500,590,790,"1,310","1,110",910,890,800,860,820,800,910,590,470,290,130,"11,170","1,460",840,370,"2,050","4,930","4,690","2,120",-,-,50,"2,050","4,930","4,690","1,710",410
Queenstown,Holland Drive,"12,680","5,760","6,920",350,350,360,470,540,800,830,730,910,"1,070",970,950,850,860,910,670,570,300,180,"10,630",960,620,460,530,"5,610","4,200","2,300",-,-,40,"1,730","4,400","3,130","2,250","1,120"
Queenstown,Kent Ridge,80,-,-,-,-,-,-,-,-,-,-,-,-,-,-,-,-,-,-,-,-,-,-,-,-,-,-,-,-,-,-,-,-,-,-,-,-,-
Queenstown,Margaret Drive,"16,090","7,710","8,380","1,120","1,200",800,570,590,860,"1,260","1,990","1,570","1,130",890,850,790,740,690,380,330,210,130,"13,770",660,"1,110",550,400,"1,320","9,700","3,490",880,20,270,550,"1,530","9,140","3,230","1,360"
Queenstown,Mei Chin,"15,570","7,350","8,210",460,540,700,800,920,"1,120",960,870,980,"1,190","1,250","1,300","1,220","1,030",780,510,480,300,170,"12,180","1,340","1,640",410,"1,590","5,150","2,700","2,680","3,120",220,110,"3,450","3,240","1,920","2,710","3,900"
Queenstown,National University Of S'pore,240,70,170,-,10,10,10,120,30,20,10,10,20,10,10,-,-,-,-,-,-,-,220,-,10,20,-,-,-,-,-,-,240,-,-,-,-,-
Queenstown,One North,720,350,370,40,60,50,30,20,30,40,100,80,100,80,40,20,20,10,-,-,-,-,460,-,50,200,-,-,-,-,630,80,20,30,10,80,190,390
Queenstown,Pasir Panjang 1,"4,510","2,200","2,300",160,190,240,260,270,350,310,340,410,410,350,340,280,240,180,80,60,40,10,"3,890",40,270,300,-,-,-,-,"3,040","1,400",60,160,120,470,660,"3,030"
Queenstown,Pasir Panjang 2,"3,060","1,490","1,570",90,130,140,160,200,250,180,180,210,210,240,250,230,280,160,70,50,10,20,"2,520",60,220,260,-,-,-,-,"1,410","1,590",50,20,20,90,160,"2,690"
Queenstown,Port,120,60,60,-,-,10,-,10,10,10,10,10,-,10,10,10,10,10,-,-,-,-,110,-,10,-,-,-,-,-,-,90,30,-,-,-,-,90
Queenstown,Queensway,270,130,140,10,-,10,10,20,20,20,20,20,30,30,20,20,20,20,10,-,-,-,200,10,20,30,-,-,-,-,240,20,10,10,-,40,40,170
Queenstown,Singapore Polytechnic,100,-,-,-,-,-,-,-,-,-,-,-,-,-,-,-,-,-,-,-,-,-,-,-,-,-,-,-,-,-,-,-,-,-,-,-,-,-
Queenstown,Tanglin Halt,"10,590","4,960","5,630",400,390,400,400,390,580,730,720,850,850,750,770,740,660,680,470,420,270,140,"8,470",920,850,350,"1,160","5,500","3,050",660,-,-,220,"5,240","1,420","2,770",800,130
River Valley,Total,"10,070","4,620","5,450",450,610,560,530,410,530,600,850,"1,040","1,080",880,650,570,450,400,220,140,60,60,"7,020",90,"1,500","1,460",-,-,-,-,"9,290",700,80,270,140,770,920,"7,580"
River Valley,Institution Hill,"3,150","1,500","1,650",200,270,190,140,120,130,180,350,420,350,220,140,120,130,110,40,30,10,10,"2,210",20,490,430,-,-,-,-,"3,100",30,20,100,20,370,400,"2,230"
River Valley,Leonie Hill,"3,120","1,430","1,690",120,160,180,180,130,180,190,240,300,390,300,220,190,130,110,50,30,20,10,"2,030",30,600,460,-,-,-,-,"3,070",40,20,150,100,250,220,"2,210"
River Valley,One Tree Hill,"2,070",910,"1,150",70,80,110,120,110,110,100,140,150,190,210,170,150,110,100,70,40,20,20,"1,450",10,290,310,-,-,-,-,"1,560",500,-,-,10,60,40,"1,940"
River Valley,Oxley,"1,490",670,820,50,70,70,70,50,100,100,110,140,130,120,110,90,70,80,50,30,10,20,"1,160",20,80,220,-,-,-,-,"1,330",120,40,20,-,90,230,990
River Valley,Paterson,240,110,130,10,20,10,10,10,10,20,30,30,30,20,20,10,10,10,-,-,-,-,170,10,30,40,-,-,-,-,230,10,-,-,-,-,30,210
Rochor,Total,"13,120","6,530","6,590",410,430,480,520,590,760,920,970,"1,070","1,110",930,960,"1,020",910,790,490,350,230,210,"9,660",600,"2,390",480,710,"4,380","4,130",740,"2,300",140,710,"2,420","3,460","2,840","2,340","1,300"
Rochor,Bencoolen,"1,310",620,690,40,40,40,40,60,80,100,90,100,110,110,110,110,100,70,40,30,30,30,970,40,250,50,30,810,110,-,290,-,60,830,140,90,90,80
Rochor,Farrer Park,"2,660","1,350","1,310",80,90,120,120,120,150,180,200,230,240,200,170,200,190,140,80,50,50,40,"1,860",70,680,60,-,280,"1,700",410,80,20,170,90,390,"1,480",480,50
Rochor,Kampong Glam,120,80,40,-,-,-,-,-,10,10,10,10,10,-,10,10,10,-,-,-,10,20,40,10,60,10,-,-,-,-,20,-,100,-,-,-,10,10
Rochor,Little India,"3,270","1,680","1,580",80,70,120,140,180,210,190,180,230,260,230,250,290,260,220,140,100,60,60,"2,410",40,780,40,-,"1,240","1,460",260,30,30,250,10,"1,130",130,"1,460",290
Rochor,Mackenzie,110,60,50,-,10,-,10,-,10,10,20,20,10,10,-,-,-,-,-,-,-,-,80,-,10,10,-,-,-,-,90,-,10,30,40,10,-,20
Rochor,Mount Emily,"1,630",770,860,90,90,70,60,40,90,170,230,220,200,100,80,70,50,30,10,10,10,10,"1,290",40,100,200,-,-,-,-,"1,510",60,50,220,280,280,210,580
Rochor,Rochor Canal,-,-,-,-,-,-,-,-,-,-,-,-,-,-,-,-,-,-,-,-,-,-,-,-,-,-,-,-,-,-,-,-,-,-,-,-,-,-
Rochor,Selegie,210,110,100,-,10,10,10,10,10,10,20,30,10,10,10,10,10,10,10,10,10,10,130,-,60,20,-,-,-,-,180,30,10,-,-,20,-,170
Rochor,Sungei Road,"2,050","1,020","1,030",70,90,70,100,110,110,120,130,110,140,150,170,160,150,150,100,70,40,20,"1,370",380,270,30,680,960,360,30,-,-,20,680,960,360,-,40
Rochor,Victoria,"1,760",840,920,40,30,40,40,70,90,130,110,120,120,120,150,160,140,160,100,80,30,30,"1,510",30,180,50,-,"1,080",500,40,100,-,40,570,520,480,80,70
Seletar,Total,300,140,160,10,10,20,20,30,10,10,10,20,40,40,30,20,10,10,-,10,-,-,190,10,30,70,-,-,-,-,-,280,20,-,-,10,10,270
Seletar,Pulau Punggol Barat,-,-,-,-,-,-,-,-,-,-,-,-,-,-,-,-,-,-,-,-,-,-,-,-,-,-,-,-,-,-,-,-,-,-,-,-,-,-
Seletar,"Pulau Punggol 
Timor",-,-,-,-,-,-,-,-,-,-,-,-,-,-,-,-,-,-,-,-,-,-,-,-,-,-,-,-,-,-,-,-,-,-,-,-,-,-
Seletar,Seletar,280,130,150,10,10,20,20,30,10,-,10,20,40,40,20,10,10,10,-,10,-,-,180,10,30,70,-,-,-,-,-,280,-,-,-,10,10,270
Seletar,Seletar Aerospace Park,20,-,-,-,-,-,-,-,-,-,-,-,-,-,-,-,-,-,-,-,-,-,-,-,-,-,-,-,-,-,-,-,-,-,-,-,-,-
Sembawang,Total,"102,640","50,710","51,930","6,310","5,820","6,400","6,400","6,030","7,690","9,130","8,570","8,630","8,960","7,310","6,720","5,530","3,790","2,370","1,330",900,520,260,"72,910","16,680","9,360","3,680","6,840","4,490","36,860","38,890","10,860","3,880",820,"6,920","4,970","36,160","33,510","20,230"
Sembawang,Admiralty,"13,920","6,860","7,060",700,860,960,880,800,820,990,"1,210","1,220","1,300",980,940,820,560,380,230,150,100,40,"9,780","2,250","1,350",550,"1,100",750,"5,850","6,210",-,-,10,"1,100",750,"5,850","4,230","1,980"
Sembawang,Sembawang Central,"34,800","17,060","17,740","1,830","1,940","2,120","2,210","2,250","2,570","2,810","2,790","2,840","3,100","2,600","2,500","2,130","1,350",780,440,310,170,90,"25,130","5,180","3,180","1,310","1,820",640,"11,880","16,160","4,100",-,190,"1,820",740,"9,900","13,140","9,000"
Sembawang,Sembawang East,"17,340","8,550","8,790","2,070",850,800,780,780,"2,100","2,690","1,460","1,290","1,190","1,000",840,540,410,260,140,80,50,20,"10,850","4,610","1,480",400,"2,880","2,870","7,800","3,700",-,80,-,"2,880","2,870","7,800","3,700",80
Sembawang,Sembawang North,"25,540","12,750","12,790","1,080","1,520","1,770","1,810","1,580","1,520","1,610","2,140","2,260","2,390","1,940","1,800","1,600","1,130",670,340,220,120,60,"17,670","4,220","2,510","1,150","1,040",220,"11,330","12,810",-,-,140,"1,040",220,"9,860","10,520","3,760"
Sembawang,Sembawang Springs,"9,090","4,480","4,610",560,550,640,580,460,550,940,860,870,810,640,470,320,270,210,140,120,70,60,"7,950",340,590,220,-,-,-,-,"6,740","1,920",440,80,370,"2,700","1,860","3,610"
Sembawang,Sembawang Straits,"1,910",980,930,60,100,120,140,160,140,100,110,140,160,160,180,120,80,70,40,20,10,10,"1,510",90,260,60,-,-,-,-,20,"1,890",10,-,10,50,60,"1,790"
Sembawang,Senoko North,10,-,-,-,-,-,-,-,-,-,-,-,-,-,-,-,-,-,-,-,-,-,-,-,-,-,-,-,-,-,-,-,-,-,-,-,-,-
Sembawang,Senoko South,30,-,-,-,-,-,-,-,-,-,-,-,-,-,-,-,-,-,-,-,-,-,-,-,-,-,-,-,-,-,-,-,-,-,-,-,-,-
Sembawang,The Wharves,-,-,-,-,-,-,-,-,-,-,-,-,-,-,-,-,-,-,-,-,-,-,-,-,-,-,-,-,-,-,-,-,-,-,-,-,-,-
Sengkang,Total,"249,370","122,480","126,890","16,380","17,600","15,930","13,630","13,180","14,320","21,500","25,100","22,600","20,390","15,940","14,960","13,640","10,070","6,820","3,390","2,160","1,130",660,"192,870","28,560","21,690","6,240","8,150","11,090","99,800","96,230","31,780","1,530",790,"8,930","13,730","102,080","88,990","34,810"
Sengkang,Anchorvale,"48,120","23,700","24,420","3,790","3,850","3,290","2,620","2,060","2,470","4,690","5,240","4,520","4,160","2,660","2,370","2,290","1,730","1,200",610,330,160,90,"37,360","5,370","4,190","1,200","2,150","1,420","16,120","22,910","5,520",-,-,"2,150","1,450","18,740","20,500","5,270"
Sengkang,Compassvale,"20,960","10,170","10,790","1,670","1,830","1,450",900,630,990,"1,980","2,760","2,590","1,640",970,900,830,740,540,280,180,60,30,"17,830","1,440","1,290",400,550,370,"12,710","2,600","4,700",-,30,600,980,"14,210","4,230",910
Sengkang,Fernvale,"58,800","28,860","29,950","4,830","5,270","3,970","2,780","2,390","2,660","5,430","7,280","6,060","4,590","3,320","2,800","2,400","1,910","1,410",750,500,290,170,"45,220","8,140","3,970","1,470","3,370","6,830","26,880","10,570","9,600","1,070",490,"4,000","7,790","30,100","13,450","2,920"
Sengkang,Lorong Halus North,-,-,-,-,-,-,-,-,-,-,-,-,-,-,-,-,-,-,-,-,-,-,-,-,-,-,-,-,-,-,-,-,-,-,-,-,-,-
Sengkang,Rivervale,"59,700","29,460","30,230","2,500","3,060","3,670","3,840","4,170","4,090","4,030","4,300","4,520","5,200","4,540","4,630","4,220","3,030","1,970",880,570,310,170,"44,390","7,200","6,490","1,610","1,650",940,"20,790","28,000","8,070",240,-,"1,680","1,280","18,970","24,630","13,150"
Sengkang,"Sengkang Town 
Centre","61,790","30,290","31,500","3,590","3,590","3,550","3,490","3,940","4,110","5,380","5,530","4,910","4,800","4,450","4,260","3,890","2,660","1,700",870,590,310,200,"48,060","6,420","5,750","1,560",430,"1,530","23,300","32,160","3,900",220,250,500,"2,230","20,060","26,180","12,560"
Sengkang,Sengkang West,10,-,-,-,-,-,-,-,-,-,-,-,-,-,-,-,-,-,-,-,-,-,-,-,-,-,-,-,-,-,-,-,-,-,-,-,-,-
Serangoon,Total,"116,900","56,370","60,530","3,550","4,380","5,190","6,160","7,520","9,320","8,020","6,930","7,240","8,220","8,390","9,410","10,090","8,410","6,210","3,220","2,470","1,380",810,"98,770","4,860","10,250","3,020","1,520","9,850","31,510","21,010","16,310","35,760",930,"3,780","9,640","21,770","19,580","61,110"
Serangoon,Lorong Chuan,"8,490","4,090","4,400",290,390,480,570,610,640,490,450,530,660,710,730,640,450,340,170,180,100,80,"7,640",50,470,320,-,-,-,-,"4,210","4,190",90,90,60,410,"1,010","6,830"
Serangoon,Seletar Hills,"14,700","7,250","7,460",450,640,760,880,"1,100","1,150",860,730,870,"1,100","1,100","1,200","1,140",970,750,430,320,170,90,"13,060",160,"1,030",460,-,-,-,-,"2,020","12,640",40,160,60,330,300,"13,810"
Serangoon,Serangoon Central,"24,760","11,800","12,960",700,780,880,"1,190","1,400","2,000","1,920","1,640","1,440","1,730","1,670","1,970","2,330","2,000","1,430",700,550,260,150,"20,750","1,030","2,420",560,-,"3,840","10,540","4,950","4,050","1,250",130,830,"3,530","8,840","4,700","6,700"
Serangoon,Serangoon Garden,"36,080","17,220","18,860","1,040","1,170","1,530","1,800","2,240","2,650","2,300","1,950","2,190","2,510","2,510","2,830","3,240","2,890","2,200","1,200",910,560,360,"29,920","1,950","3,180","1,030","1,190","4,540","9,820","4,000","1,110","14,850",560,"1,950","3,860","8,390","2,260","19,030"
Serangoon,Serangoon North,"15,940","7,840","8,100",480,610,800,950,"1,260","1,450","1,020",940,"1,000","1,060","1,290","1,470","1,340","1,000",620,300,200,110,40,"12,580","1,160","1,910",300,-,-,"6,390","9,540",-,-,20,-,-,"1,990","5,860","8,080"
Serangoon,Serangoon North Ind Estate,10,-,-,-,-,-,-,-,-,-,-,-,-,-,-,-,-,-,-,-,-,-,-,-,-,-,-,-,-,-,-,-,-,-,-,-,-,-
Serangoon,Upper Paya Lebar,"16,920","8,160","8,760",590,780,740,780,900,"1,430","1,430","1,210","1,210","1,160","1,110","1,210","1,390","1,100",880,440,310,170,90,"14,820",510,"1,250",340,330,"1,470","4,760","2,520","4,910","2,840",100,750,"2,140","1,790","5,460","6,650"
Simpang,Total,-,-,-,-,-,-,-,-,-,-,-,-,-,-,-,-,-,-,-,-,-,-,-,-,-,-,-,-,-,-,-,-,-,-,-,-,-,-
Simpang,Pulau Seletar,-,-,-,-,-,-,-,-,-,-,-,-,-,-,-,-,-,-,-,-,-,-,-,-,-,-,-,-,-,-,-,-,-,-,-,-,-,-
Simpang,Simpang North,-,-,-,-,-,-,-,-,-,-,-,-,-,-,-,-,-,-,-,-,-,-,-,-,-,-,-,-,-,-,-,-,-,-,-,-,-,-
Simpang,Simpang South,-,-,-,-,-,-,-,-,-,-,-,-,-,-,-,-,-,-,-,-,-,-,-,-,-,-,-,-,-,-,-,-,-,-,-,-,-,-
Simpang,Tanjong Irau,-,-,-,-,-,-,-,-,-,-,-,-,-,-,-,-,-,-,-,-,-,-,-,-,-,-,-,-,-,-,-,-,-,-,-,-,-,-
"Singapore 
River",Total,"3,260","1,540","1,730",210,260,190,120,100,130,180,360,410,380,270,200,140,100,90,50,30,10,20,"2,300",20,300,640,-,-,-,-,"3,110",-,150,50,150,390,370,"2,150"
"Singapore 
River",Boat Quay,130,70,60,-,-,-,-,-,10,-,10,10,10,10,10,10,10,10,10,10,-,-,90,-,10,30,-,-,-,-,90,-,40,-,20,-,20,50
"Singapore 
River",Clarke Quay,130,70,50,10,10,10,-,10,10,10,10,10,20,10,10,-,-,-,-,-,-,10,80,-,10,40,-,-,-,-,50,-,70,-,-,20,30,-
"Singapore 
River",Robertson Quay,"3,010","1,390","1,610",200,240,180,120,100,110,170,330,390,360,250,180,120,90,80,50,30,10,10,"2,130",20,280,570,-,-,-,-,"2,970",-,30,50,130,370,320,"2,100"
"Southern
Islands",Total,"1,940",920,"1,020",110,140,110,100,90,90,90,150,170,230,210,190,120,70,30,20,10,-,-,"1,010",30,200,700,-,-,-,-,"1,280",640,20,-,-,-,60,"1,850"
"Southern
Islands",Sentosa,"1,940",920,"1,020",110,140,110,100,90,90,90,150,170,230,210,190,120,70,30,20,10,-,-,"1,010",30,200,700,-,-,-,-,"1,280",640,20,-,-,-,60,"1,850"
"Southern
Islands",Southern Group,-,-,-,-,-,-,-,-,-,-,-,-,-,-,-,-,-,-,-,-,-,-,-,-,-,-,-,-,-,-,-,-,-,-,-,-,-,-
Straits View,Total,-,-,-,-,-,-,-,-,-,-,-,-,-,-,-,-,-,-,-,-,-,-,-,-,-,-,-,-,-,-,-,-,-,-,-,-,-,-
Straits View,Straits View,-,-,-,-,-,-,-,-,-,-,-,-,-,-,-,-,-,-,-,-,-,-,-,-,-,-,-,-,-,-,-,-,-,-,-,-,-,-
Sungei Kadut,Total,750,380,370,20,40,40,30,50,50,40,50,40,60,60,60,60,40,40,20,30,10,10,640,-,90,20,-,-,-,-,-,670,80,-,-,-,20,650
Sungei Kadut,Gali Batu,30,-,-,-,-,-,-,-,-,-,-,-,-,-,-,-,-,-,-,-,-,-,-,-,-,-,-,-,-,-,-,-,-,-,-,-,-,-
Sungei Kadut,Kranji,10,-,-,-,-,-,-,-,-,-,-,-,-,-,-,-,-,-,-,-,-,-,-,-,-,-,-,-,-,-,-,-,-,-,-,-,-,-
Sungei Kadut,Pang Sua,20,-,-,-,-,-,-,-,-,-,-,-,-,-,-,-,-,-,-,-,-,-,-,-,-,-,-,-,-,-,-,-,-,-,-,-,-,-
Sungei Kadut,Reservoir View,20,-,-,-,-,-,-,-,-,-,-,-,-,-,-,-,-,-,-,-,-,-,-,-,-,-,-,-,-,-,-,-,-,-,-,-,-,-
Sungei Kadut,Turf Club,670,330,340,20,30,30,30,50,50,40,40,40,50,50,50,50,40,40,20,30,10,10,570,-,80,20,-,-,-,-,-,670,-,-,-,-,20,650
Tampines,Total,"259,900","127,000","132,900","11,740","11,480","11,990","13,290","17,590","21,840","19,990","18,120","16,880","17,060","18,730","21,570","21,360","16,360","10,540","4,810","3,490","1,950","1,110","173,660","56,570","21,700","7,970","7,040","34,340","99,780","85,220","27,770","4,480","1,270","8,540","33,160","37,970","90,900","88,050"
Tampines,Simei,"39,450","19,050","20,400","1,360","1,710","1,960","2,120","2,660","3,210","2,540","2,650","2,850","2,990","2,950","3,360","3,190","2,450","1,660",720,560,290,220,"28,460","4,530","4,810","1,640",-,170,"11,360","11,510","12,140","3,980",290,50,190,"5,630","12,940","20,350"
Tampines,Tampines East,"130,980","63,960","67,010","5,390","5,400","5,910","6,680","9,230","11,060","9,400","8,850","8,150","8,350","9,710","11,350","11,330","8,630","5,510","2,570","1,870","1,040",580,"84,190","32,470","10,320","3,990","4,390","23,140","50,390","47,310","5,300",-,450,"5,560","21,310","15,190","43,570","44,920"
Tampines,Tampines North,"8,040","3,950","4,090","1,150",530,260,240,200,"1,060","1,620",730,440,290,300,240,260,250,220,80,80,70,40,"5,240","2,200",400,210,390,"1,470","3,610","2,310",-,-,260,390,"1,470","3,610","2,310",-
Tampines,Tampines West,"79,670","39,150","40,510","3,790","3,780","3,800","4,150","5,340","6,340","6,320","5,820","5,360","5,320","5,640","6,390","6,410","4,930","3,090","1,420",970,540,270,"54,290","17,290","6,050","2,030","2,260","9,560","34,420","24,090","9,130",-,210,"2,550","10,140","13,350","31,830","21,590"
Tampines,Xilin,"1,760",890,880,40,70,70,100,160,170,120,70,80,110,130,230,180,110,60,20,20,10,-,"1,470",70,120,90,-,-,-,-,"1,200",500,60,-,60,200,260,"1,190"
Tanglin,Total,"21,810","10,100","11,700","1,070","1,590","1,370","1,100","1,000","1,010","1,200","1,630","2,000","2,200","1,760","1,440","1,250","1,100",920,510,340,200,140,"16,270",240,"2,200","3,090",-,30,190,250,"16,790","4,350",190,530,590,"1,370","2,110","16,780"
Tanglin,Chatsworth,"6,890","3,190","3,690",340,440,410,310,270,290,420,610,720,780,600,420,350,310,280,170,90,50,30,"4,770",70,"1,020","1,030",-,-,-,-,"5,800","1,010",70,310,290,460,930,"4,740"
Tanglin,Nassim,"9,520","4,410","5,110",500,810,630,540,440,430,480,680,860,940,710,620,540,470,400,200,140,80,70,"7,460",110,710,"1,240",-,-,-,-,"7,840","1,610",70,190,170,540,980,"7,520"
Tanglin,Ridout,"1,520",690,830,80,100,80,70,70,80,90,100,120,120,120,110,100,90,80,40,30,20,20,"1,090",10,160,270,-,-,-,-,630,850,40,-,-,60,20,"1,400"
Tanglin,Tyersall,"3,880","1,810","2,070",160,240,250,190,210,210,220,230,300,360,330,290,260,220,160,110,80,50,30,"2,960",60,320,550,-,30,190,250,"2,520",880,10,30,130,310,170,"3,130"
Tengah,Total,10,-,-,-,-,-,-,-,-,-,-,-,-,-,-,-,-,-,-,-,-,-,-,-,-,-,-,-,-,-,-,-,-,-,-,-,-,-
Tengah,Brickland,-,-,-,-,-,-,-,-,-,-,-,-,-,-,-,-,-,-,-,-,-,-,-,-,-,-,-,-,-,-,-,-,-,-,-,-,-,-
Tengah,Forest Hill,10,-,-,-,-,-,-,-,-,-,-,-,-,-,-,-,-,-,-,-,-,-,-,-,-,-,-,-,-,-,-,-,-,-,-,-,-,-
Tengah,Garden,-,-,-,-,-,-,-,-,-,-,-,-,-,-,-,-,-,-,-,-,-,-,-,-,-,-,-,-,-,-,-,-,-,-,-,-,-,-
Tengah,Park,-,-,-,-,-,-,-,-,-,-,-,-,-,-,-,-,-,-,-,-,-,-,-,-,-,-,-,-,-,-,-,-,-,-,-,-,-,-
Tengah,Plantation,-,-,-,-,-,-,-,-,-,-,-,-,-,-,-,-,-,-,-,-,-,-,-,-,-,-,-,-,-,-,-,-,-,-,-,-,-,-
Tengah,Tengah Industrial Estate,-,-,-,-,-,-,-,-,-,-,-,-,-,-,-,-,-,-,-,-,-,-,-,-,-,-,-,-,-,-,-,-,-,-,-,-,-,-
Toa Payoh,Total,"121,850","57,890","63,960","4,350","5,060","5,300","5,480","6,180","8,170","8,360","8,010","8,580","9,490","8,780","9,150","9,320","7,810","6,760","4,370","3,650","1,970","1,070","101,320","8,410","8,590","3,530","9,600","34,990","32,040","23,600","14,580","5,660","1,370","11,510","35,660","21,330","26,490","25,480"
Bia Payoh,Bidadari,-,-,-,-,-,-,-,-,-,-,-,-,-,-,-,-,-,-,-,-,-,-,-,-,-,-,-,-,-,-,-,-,-,-,-,-,-,-
Boa Payoh,Boon Teck,"14,660","7,210","7,450",580,570,570,660,770,"1,000","1,080",860,780,"1,010","1,030","1,170","1,190",980,830,600,530,290,180,"11,280","2,030","1,020",340,"4,360","4,000","2,290","3,460",270,-,280,"4,630","3,790","1,450","2,460","2,060"
Bra Payoh,Braddell,"9,810","4,590","5,210",310,430,470,460,560,700,580,590,670,730,720,740,740,650,530,360,310,160,110,"7,650","1,130",690,330,"1,370","2,710","1,810","2,580","1,300",-,50,"1,630","2,530","1,680","1,340","2,580"
Joa Payoh,Joo Seng,"8,150","4,030","4,120",360,370,410,340,390,550,700,650,640,660,550,560,530,480,400,220,180,100,70,"7,110",250,590,210,-,"1,050","2,010","1,790","1,810","1,380",120,950,540,"1,400","2,550","2,570"
Kia Payoh,Kim Keat,"7,960","3,840","4,130",200,240,300,310,440,630,520,440,510,580,560,640,780,600,510,300,230,120,60,"6,470",540,780,180,290,"3,160","2,500","1,970",-,-,40,290,"3,160",-,"2,500","1,970"
Loa Payoh,Lorong 8 Toa Payoh,"7,160","3,420","3,730",140,200,240,310,410,500,380,370,430,530,550,610,620,530,480,350,280,160,80,"5,880",610,480,190,380,"2,050","2,810","1,850",-,-,70,390,"2,040","2,810","1,820",30
Pea Payoh,Pei Chun,"10,360","4,940","5,420",260,370,450,530,560,600,520,560,700,850,890,870,870,660,610,440,350,180,90,"8,620",820,610,310,380,"5,120","2,710","2,070",-,-,80,380,"5,120","1,390","2,680",710
Poa Payoh,Potong Pasir,"11,720","5,660","6,060",360,450,460,520,510,730,840,820,870,940,810,840,980,960,780,390,260,160,50,"9,750",520,"1,250",200,-,"4,730","3,720","1,080","2,020",30,150,250,"4,780","1,770","3,260","1,520"
Sea Payoh,Sennett,"7,190","3,480","3,720",420,380,350,350,310,600,770,570,500,530,370,420,430,370,320,180,140,90,90,"6,510",120,380,190,20,260,"1,010",380,"1,340","3,990",190,110,570,"1,270",850,"4,210"
Toa Payoh,Toa Payoh Central,"28,020","12,960","15,070","1,060","1,430","1,390","1,300","1,490","1,800","1,690","2,000","2,330","2,350","2,090","2,030","1,920","1,510","1,320",900,760,430,220,"23,620","1,740","1,780",870,"2,250","4,670","10,850","7,870","2,190",-,190,"2,270","5,820","7,140","8,110","4,500"
Toa Payoh,Toa Payoh West,"14,360","6,570","7,780",560,500,510,530,610,880,"1,130",960,950,"1,090","1,000","1,100","1,090",950,910,610,580,270,140,"12,240",640,870,610,550,"7,250","2,330",570,"3,530",-,130,610,"7,190","2,140",270,"4,020"
Woa Payoh,Woodleigh,"2,450","1,200","1,260",100,130,160,160,140,180,150,190,190,220,200,160,170,140,90,30,20,20,10,"2,190",10,140,110,-,-,-,-,"2,130",260,60,20,110,270,670,"1,320"
Tuas,Total,70,-,-,-,-,-,-,-,-,-,-,-,-,-,-,-,-,-,-,-,-,-,-,-,-,-,-,-,-,-,-,-,-,-,-,-,-,-
Tuas,Tengeh,-,-,-,-,-,-,-,-,-,-,-,-,-,-,-,-,-,-,-,-,-,-,-,-,-,-,-,-,-,-,-,-,-,-,-,-,-,-
Tuas,Tuas Bay,10,-,-,-,-,-,-,-,-,-,-,-,-,-,-,-,-,-,-,-,-,-,-,-,-,-,-,-,-,-,-,-,-,-,-,-,-,-
Tuas,Tuas North,30,-,-,-,-,-,-,-,-,-,-,-,-,-,-,-,-,-,-,-,-,-,-,-,-,-,-,-,-,-,-,-,-,-,-,-,-,-
Tuas,Tuas Promenade,10,-,-,-,-,-,-,-,-,-,-,-,-,-,-,-,-,-,-,-,-,-,-,-,-,-,-,-,-,-,-,-,-,-,-,-,-,-
Tuas,Tuas View,10,-,-,-,-,-,-,-,-,-,-,-,-,-,-,-,-,-,-,-,-,-,-,-,-,-,-,-,-,-,-,-,-,-,-,-,-,-
Tuas,Tuas View Extension,10,-,-,-,-,-,-,-,-,-,-,-,-,-,-,-,-,-,-,-,-,-,-,-,-,-,-,-,-,-,-,-,-,-,-,-,-,-
Western Islands,Total,10,-,-,-,-,-,-,-,-,-,-,-,-,-,-,-,-,-,-,-,-,-,-,-,-,-,-,-,-,-,-,-,-,-,-,-,-,-
Western Islands,Jurong Island And Bukom,10,-,-,-,-,-,-,-,-,-,-,-,-,-,-,-,-,-,-,-,-,-,-,-,-,-,-,-,-,-,-,-,-,-,-,-,-,-
Western Islands,Semakau,-,-,-,-,-,-,-,-,-,-,-,-,-,-,-,-,-,-,-,-,-,-,-,-,-,-,-,-,-,-,-,-,-,-,-,-,-,-
Western Islands,Sudong,-,-,-,-,-,-,-,-,-,-,-,-,-,-,-,-,-,-,-,-,-,-,-,-,-,-,-,-,-,-,-,-,-,-,-,-,-,-
Western Water Catchment,Total,640,290,350,30,50,20,20,130,50,30,60,70,40,30,50,50,10,-,-,-,-,-,510,-,70,60,-,-,-,-,-,-,640,-,-,-,-,-
Western Water Catchment,Bahar,-,-,-,-,-,-,-,-,-,-,-,-,-,-,-,-,-,-,-,-,-,-,-,-,-,-,-,-,-,-,-,-,-,-,-,-,-,-
Western Water Catchment,Cleantech,-,-,-,-,-,-,-,-,-,-,-,-,-,-,-,-,-,-,-,-,-,-,-,-,-,-,-,-,-,-,-,-,-,-,-,-,-,-
Western Water Catchment,Murai,640,290,350,30,50,20,20,130,50,30,60,70,40,30,50,50,10,-,-,-,-,-,510,-,70,60,-,-,-,-,-,-,640,-,-,-,-,-
Woodlands,Total,"255,130","127,990","127,150","11,490","12,540","14,460","17,110","21,430","20,740","18,160","17,730","17,910","20,320","21,560","20,200","15,890","10,830","6,980","3,530","2,410","1,260",580,"155,360","65,480","28,240","6,060","10,710","19,690","103,960","101,610","17,400",700,"1,060","12,130","18,510","62,740","85,340","75,360"
Woodlands,Greenwood Park,40,-,-,-,-,-,-,-,-,-,-,-,-,-,-,-,-,-,-,-,-,-,-,-,-,-,-,-,-,-,-,-,-,-,-,-,-,-
Woodlands,Midview,"35,270","17,660","17,610","1,590","1,640","1,870","2,480","3,460","3,220","2,480","2,290","2,100","2,520","3,270","2,960","2,100","1,400",830,470,320,160,110,"20,870","9,910","3,760",740,"1,280",980,"15,440","17,380",-,-,200,"1,280",980,"9,910","9,070","13,840"
Woodlands,North Coast,"12,100","6,130","5,970",300,350,470,650,970,"1,000",700,640,700,850,"1,030","1,210","1,030",800,670,340,230,120,50,"6,840","3,450","1,600",220,120,"4,690","5,290","1,990",-,10,10,120,"3,930","5,510","1,810",730
Woodlands,Senoko West,20,-,-,-,-,-,-,-,-,-,-,-,-,-,-,-,-,-,-,-,-,-,-,-,-,-,-,-,-,-,-,-,-,-,-,-,-,-
Woodlands,Woodgrove,"33,790","16,870","16,920",980,"1,330","1,740","2,280","3,320","3,210","2,060","1,930","2,170","2,610","3,300","3,000","2,350","1,500",920,480,340,190,110,"21,440","7,870","3,660",830,220,"1,960","12,310","13,300","5,030",700,270,930,"2,030","5,920","10,080","14,570"
Woodlands,Woodlands East,"98,980","49,490","49,500","4,960","5,280","6,010","6,880","8,020","7,660","7,520","7,270","7,460","8,490","8,020","7,510","5,710","3,680","2,220","1,030",720,380,170,"60,510","24,560","11,420","2,500","3,030","2,140","46,830","41,790","4,950",-,240,"3,030","2,240","24,880","41,860","26,720"
Woodlands,Woodlands Regional Centre,10,-,-,-,-,-,-,-,-,-,-,-,-,-,-,-,-,-,-,-,-,-,-,-,-,-,-,-,-,-,-,-,-,-,-,-,-,-
Woodlands,Woodlands South,"41,000","20,540","20,470","2,100","2,620","2,850","2,990","3,080","2,630","2,880","3,420","3,540","3,590","3,190","2,600","2,020","1,510","1,000",480,290,170,60,"25,940","9,850","4,130","1,080","1,840","1,090","12,980","17,640","7,420",-,30,"1,840","1,250","7,020","18,850","12,010"
Woodlands,Woodlands West,"33,910","17,260","16,650","1,560","1,320","1,510","1,830","2,590","3,010","2,530","2,170","1,930","2,250","2,740","2,920","2,680","1,940","1,340",730,520,250,100,"19,730","9,840","3,660",680,"4,210","8,830","11,120","9,510",-,-,240,"4,930","8,080","9,500","3,670","7,500"
Yishun,Total,"221,610","109,470","112,140","11,670","11,480","10,950","11,250","13,020","16,710","18,780","17,930","16,220","15,820","15,350","17,760","15,820","12,110","7,980","3,960","2,670","1,420",730,"153,160","40,390","21,950","6,110","8,910","40,200","99,740","46,450","19,670","5,710",940,"9,630","40,630","73,560","54,290","42,570"
Yishun,Khatib,"10,250","4,980","5,270",310,320,380,460,590,940,800,640,590,650,740,"1,010","1,040",770,510,250,130,90,40,"7,540","1,430",980,300,220,"2,080","4,100","3,820",-,-,30,220,"2,060","2,050","2,320","3,570"
Yishun,Lower Seletar,"18,660","9,240","9,420","2,220","1,690","1,160",940,770,"1,150","2,740","2,220","1,490","1,260",870,730,530,350,260,120,90,40,30,"12,890","3,780","1,510",480,"1,310","1,920","5,770","3,910","4,690","1,060",-,"1,430","2,540","7,140","6,000","1,560"
Yishun,Nee Soon,890,440,450,30,50,50,60,50,50,50,40,60,90,80,90,60,50,40,30,10,10,10,780,20,60,30,-,-,-,-,430,440,20,-,-,40,230,610
Yishun,Northland,"28,000","13,930","14,070",910,"1,030","1,350","1,510","1,910","2,320","1,990","1,790","1,920","1,940","2,100","2,640","2,480","1,790","1,140",540,370,180,100,"17,750","6,290","3,000",970,940,"6,440","14,860","5,670",-,-,80,940,"6,430","10,460","5,400","4,690"
Yishun,Springleaf,"4,370","2,180","2,190",130,170,250,300,320,410,250,180,260,310,290,370,350,290,240,120,80,30,20,"4,010",40,220,110,-,-,-,-,130,"4,210",30,10,30,20,30,"4,250"
Yishun,Yishun Central,"2,620","1,290","1,340",100,120,150,130,170,220,200,210,230,220,190,210,170,150,80,50,30,20,10,"2,300",140,140,50,-,-,700,590,"1,330",-,-,200,370,350,"1,040",670
Yishun,Yishun East,"60,670","30,030","30,640","4,270","4,410","3,270","2,970","3,300","4,220","5,420","6,320","5,050","4,090","3,850","4,190","3,440","2,590","1,670",730,510,250,120,"40,290","12,670","6,110","1,600","4,210","7,180","32,110","13,240","3,920",-,10,"4,230","7,850","22,000","18,120","8,460"
Yishun,Yishun South,"42,240","20,670","21,580","1,930","1,690","1,920","2,090","2,500","3,600","3,720","2,940","2,810","3,010","2,890","3,690","3,250","2,570","1,740",830,580,320,170,"30,680","6,230","4,230","1,110","1,000","4,560","20,100","13,330","3,010",-,240,"1,210","4,560","10,840","13,390","12,010"
Yishun,Yishun West,"53,910","26,720","27,190","1,780","1,990","2,440","2,790","3,410","3,810","3,590","3,600","3,810","4,230","4,330","4,840","4,500","3,580","2,320","1,280",880,480,240,"36,930","9,800","5,720","1,460","1,230","18,020","22,090","5,880","6,160",-,530,"1,390","16,800","20,670","7,760","6,770"