,planning_area,subzone,region,tree cover,shrubland,grassland,cropland,built-up,bare / sparse vegetation,snow and ice,permanent water bodies,herbaceous wetland,mangroves,moss and lichen,min_ndvi,mean_ndvi,max_ndvi
0,BUKIT MERAH,DEPOT ROAD,CENTRAL REGION,18,0,0,0,27,1,0,0,0,0,0,0.09212378474401305,0.19787668044475057,0.3004344145511986
1,BUKIT MERAH,BUKIT MERAH,CENTRAL REGION,13,0,1,0,29,1,0,0,0,0,0,0.07916134412827491,0.16906888659967953,0.24631075159417212
2,OUTRAM,CHINATOWN,CENTRAL REGION,6,0,1,0,53,1,0,1,0,0,0,0.04371251033075033,0.09754390599143668,0.14051442218795085
3,DOWNTOWN CORE,PHILLIP,CENTRAL REGION,1,0,0,0,4,1,0,1,0,0,0,0.03979514159771226,0.08574822903504715,0.12666961671032517
4,DOWNTOWN CORE,RAFFLES PLACE,CENTRAL REGION,1,0,1,0,17,1,0,2,0,0,0,0.04152273809782756,0.08863482179828502,0.13362298626693336
5,OUTRAM,CHINA SQUARE,CENTRAL REGION,1,0,0,0,13,1,0,1,0,0,0,0.042257766348912436,0.09219419437331632,0.1370421421768911
6,BUKIT MERAH,TIONG BAHRU,CENTRAL REGION,10,0,1,0,35,1,0,0,0,0,0,0.06418200454971547,0.13709247056794732,0.2073718222370575
7,DOWNTOWN CORE,BAYFRONT SUBZONE,CENTRAL REGION,4,0,4,1,21,5,0,20,0,0,0,0.05952820359025058,0.13011201029833291,0.19977877852043896
8,BUKIT MERAH,TIONG BAHRU STATION,CENTRAL REGION,12,0,1,0,24,1,0,1,0,0,0,0.07281914734155188,0.1482619579160364,0.20996257905278182
9,DOWNTOWN CORE,CLIFFORD PIER,CENTRAL REGION,1,0,1,0,8,1,0,18,0,0,0,0.046670772663470514,0.09515996465884584,0.14371532499234177
10,MARINA SOUTH,MARINA SOUTH,CENTRAL REGION,69,1,33,1,23,4,0,36,0,0,0,0.06904175270383393,0.17149289992464709,0.27154277082212247
11,DOWNTOWN CORE,NICOLL,CENTRAL REGION,15,0,8,0,22,4,0,15,0,0,0,0.058332578996533095,0.12707695662374657,0.1964646624782325
12,MARINA EAST,MARINA EAST,CENTRAL REGION,38,0,87,1,13,4,0,45,1,0,0,0.0688922969796511,0.17628465216035538,0.2866441180501976
13,RIVER VALLEY,INSTITUTION HILL,CENTRAL REGION,9,0,1,0,31,1,0,1,0,0,0,0.0644254323566522,0.13033161107281252,0.1919464702919015
14,SINGAPORE RIVER,ROBERTSON QUAY,CENTRAL REGION,11,0,1,0,34,1,0,6,0,0,0,0.06514741150833273,0.1286193348327127,0.18933269963172325
15,MUSEUM,FORT CANNING,CENTRAL REGION,26,0,3,0,12,1,0,0,0,0,0,0.053310820882174585,0.13599901657454444,0.2070226712530529
16,OUTRAM,PEARL'S HILL,CENTRAL REGION,26,0,2,0,29,1,0,1,0,0,0,0.05783601533767703,0.12069610510403342,0.17898819605968475
17,SINGAPORE RIVER,BOAT QUAY,CENTRAL REGION,2,0,1,0,12,1,0,3,0,0,0,0.04850026125391687,0.10305347993548436,0.15883095582870585
18,BUKIT MERAH,HENDERSON HILL,CENTRAL REGION,26,0,2,0,33,1,0,1,0,0,0,0.0758230651216256,0.1540585591796296,0.23090797874646277
19,BUKIT MERAH,REDHILL,CENTRAL REGION,11,0,1,1,29,1,0,0,0,0,0,0.07035599241323356,0.14837842756005587,0.21835825318030674
20,BUKIT MERAH,ALEXANDRA HILL,CENTRAL REGION,22,0,1,0,82,1,0,0,0,0,0,0.07588890498428515,0.15235866771695994,0.22277818871443383
21,BUKIT MERAH,BUKIT HO SWEE,CENTRAL REGION,18,0,3,0,34,1,0,1,0,0,0,0.07329069018913152,0.14150305885620043,0.20560584961706324
22,SINGAPORE RIVER,CLARKE QUAY,CENTRAL REGION,3,0,2,0,21,1,0,4,0,0,0,0.050411885613701427,0.11378067136762625,0.16975198306042596
23,QUEENSTOWN,PASIR PANJANG 1,CENTRAL REGION,40,0,1,0,69,1,0,0,0,0,0,0.07920310169173445,0.1583380215842156,0.252152882759429
24,QUEENSTOWN,QUEENSWAY,CENTRAL REGION,46,0,2,0,16,1,0,0,0,0,0,0.0789793717909823,0.19588090980374562,0.2930464628393253
25,MARINE PARADE,MARINA EAST (MP),CENTRAL REGION,94,1,17,0,41,7,0,2,0,0,0,0.07620232432593424,0.17891789876804728,0.3013056349197999
26,SOUTHERN ISLANDS,SOUTHERN GROUP,CENTRAL REGION,4,0,1,0,1,1,0,4,0,0,0,0.06375003845133038,0.20729926406021273,0.3926488928466674
27,SOUTHERN ISLANDS,SENTOSA,CENTRAL REGION,62,0,12,1,36,11,0,35,1,0,0,0.06102923528274548,0.16842796689167253,0.2639310953634121
28,BUKIT MERAH,CITY TERMINALS,CENTRAL REGION,34,0,5,1,244,44,0,20,0,0,0,0.03969855394841378,0.0849000401626262,0.12307889927216845
29,DOWNTOWN CORE,ANSON,CENTRAL REGION,1,0,1,0,10,1,0,1,0,0,0,0.042429515864790934,0.08676896170576716,0.1271040965871113
30,STRAITS VIEW,STRAITS VIEW,CENTRAL REGION,19,0,43,1,19,3,0,32,0,0,0,0.06596294201421642,0.14552334143064455,0.2250393135190791
31,BUKIT MERAH,MARITIME SQUARE,CENTRAL REGION,155,0,34,0,72,4,0,8,0,0,0,0.08857287080166477,0.18456326668145018,0.27428482504374085
32,BUKIT MERAH,TELOK BLANGAH RISE,CENTRAL REGION,25,0,1,0,29,1,0,0,0,0,0,0.08466798477935289,0.17983824808411658,0.27241392921454544
33,DOWNTOWN CORE,TANJONG PAGAR,CENTRAL REGION,2,0,1,0,13,1,0,1,0,0,0,0.042227786740650655,0.09274435805347465,0.13620102810579657
34,BUKIT MERAH,EVERTON PARK,CENTRAL REGION,22,0,1,0,39,3,0,1,0,0,0,0.04994231718842703,0.11006057191981343,0.1656688254744319
35,BUKIT MERAH,TELOK BLANGAH WAY,CENTRAL REGION,12,0,1,0,17,0,0,0,0,0,0,0.0950209685226963,0.19432796514668155,0.29808794178245573
36,DOWNTOWN CORE,MAXWELL,CENTRAL REGION,1,0,0,0,6,0,0,0,0,0,0,0.04246064833566255,0.09480321352047469,0.13835363744520676
37,DOWNTOWN CORE,CECIL,CENTRAL REGION,1,0,0,0,19,1,0,0,0,0,0,0.04198426119289042,0.09748230201884425,0.15301731673086652
38,BUKIT MERAH,KAMPONG TIONG BAHRU,CENTRAL REGION,15,0,1,0,23,1,0,0,0,0,0,0.0700907821002308,0.1550211444173724,0.23412543047211992
39,BUKIT MERAH,TELOK BLANGAH DRIVE,CENTRAL REGION,88,0,3,0,56,1,0,0,0,0,0,0.10096103753979078,0.20339959286218423,0.3124396191351837
40,QUEENSTOWN,PASIR PANJANG 2,CENTRAL REGION,14,0,1,0,71,1,0,1,0,0,0,0.0652869003260129,0.14834826475995525,0.23179165054820228
41,DOWNTOWN CORE,CENTRAL SUBZONE,CENTRAL REGION,13,0,16,0,57,9,0,14,0,0,0,0.053062698436712644,0.11175704846276752,0.17006454645526167
42,BUKIT MERAH,SINGAPORE GENERAL HOSPITAL,CENTRAL REGION,11,0,2,0,42,1,0,0,0,0,0,0.05410112809360819,0.12510378685997306,0.184290074102113
43,DOWNTOWN CORE,BUGIS,CENTRAL REGION,2,0,1,0,26,1,0,1,0,0,0,0.05074663897472423,0.09870906058133273,0.15702029927446787
44,ROCHOR,VICTORIA,CENTRAL REGION,1,0,1,0,21,1,0,1,0,0,0,0.050509877783590805,0.10285634327789023,0.15477412234838694
45,RIVER VALLEY,PATERSON,CENTRAL REGION,11,0,1,0,7,1,0,0,0,0,0,0.07557026454039263,0.1415683009971302,0.20950810145979692
46,MARINE PARADE,EAST COAST,CENTRAL REGION,43,0,7,0,8,2,0,2,0,0,0,0.05455618115235004,0.14167622481947484,0.2384310353714919
47,QUEENSTOWN,NATIONAL UNIVERSITY OF S'PORE,CENTRAL REGION,70,0,3,0,104,1,0,0,0,0,0,0.08456949492925815,0.16637111098017648,0.2556207597700332
48,RIVER VALLEY,ONE TREE HILL,CENTRAL REGION,13,0,0,0,22,1,0,1,0,0,0,0.07495135960939357,0.15263287919137003,0.23395277847342189
49,QUEENSTOWN,COMMONWEALTH,CENTRAL REGION,12,0,2,0,19,1,0,0,0,0,0,0.07374866697497257,0.17715194875770432,0.2617538641287586
50,QUEENSTOWN,DOVER,CENTRAL REGION,53,0,13,0,73,1,0,1,0,0,0,0.08933223533860185,0.16473800619646187,0.24937818758387334
51,TANGLIN,RIDOUT,CENTRAL REGION,123,0,10,0,63,1,0,0,0,0,0,0.09017470783934824,0.20763366575253503,0.3255961435050501
52,NEWTON,CAIRNHILL,CENTRAL REGION,12,0,0,0,34,1,0,1,0,0,0,0.07482406801082254,0.14416186312009946,0.23864722442497732
53,CLEMENTI,CLEMENTI WEST,WEST REGION,11,0,2,0,58,1,0,1,0,0,0,0.06714208079263521,0.13475881160470896,0.22063778511205084
54,NEWTON,MONK'S HILL,CENTRAL REGION,7,0,1,0,11,1,0,0,0,0,0,0.07325643568913988,0.1546964986238796,0.2525934455876655
55,BEDOK,SIGLAP,EAST REGION,57,0,8,0,39,1,0,8,0,0,0,0.05439710348895901,0.1464912485945343,0.23564602945702579
56,CLEMENTI,CLEMENTI WOODS,WEST REGION,36,0,5,0,64,3,0,1,0,0,0,0.07318084435629964,0.14642785463068791,0.2249178423682435
57,PIONEER,PIONEER SECTOR,WEST REGION,20,0,7,0,223,13,0,19,0,0,0,0.04004387460176518,0.07401151554847679,0.10727776705914135
58,JURONG EAST,PENJURU CRESCENT,WEST REGION,10,0,6,0,251,8,0,33,0,0,0,0.03399855501525354,0.07334574642960794,0.1149060753214495
59,NEWTON,ORANGE GROVE,CENTRAL REGION,18,0,1,0,16,1,0,0,0,0,0,0.09091150023702788,0.1527534303965924,0.249016716643757
60,KALLANG,KAMPONG BUGIS,CENTRAL REGION,21,0,12,0,28,3,0,13,0,0,0,0.06918281107798391,0.13589999273757858,0.21757522397147022
61,QUEENSTOWN,KENT RIDGE,CENTRAL REGION,135,0,2,0,46,2,0,1,0,0,0,0.08504611238990697,0.19323883288549953,0.2903201095366265
62,BUKIT MERAH,ALEXANDRA NORTH,CENTRAL REGION,12,0,2,1,15,1,0,1,0,0,0,0.08366172501112012,0.16405630777565217,0.23451688007383564
63,QUEENSTOWN,TANGLIN HALT,CENTRAL REGION,28,0,4,0,25,1,0,0,0,0,0,0.07934988918571385,0.17868101662579897,0.2683084695669354
64,ROCHOR,MACKENZIE,CENTRAL REGION,2,0,1,0,4,1,0,0,0,0,0,0.057068227790296085,0.14249707948571694,0.22874518111348152
65,ROCHOR,SUNGEI ROAD,CENTRAL REGION,1,0,3,0,9,1,0,1,0,0,0,0.053064302389342406,0.1076733323614239,0.17230918476646417
66,QUEENSTOWN,ONE NORTH,CENTRAL REGION,89,0,12,1,99,2,0,1,0,0,0,0.09117612256970768,0.1709034687334395,0.25019444714324424
67,KALLANG,TANJONG RHU,CENTRAL REGION,52,0,20,0,117,5,0,52,0,0,0,0.06850146775082426,0.14114039570567394,0.21895323431971087
68,MARINE PARADE,KATONG,CENTRAL REGION,6,0,5,0,98,1,0,0,0,0,0,0.050985188754645264,0.11534328372336089,0.16979340248697497
69,ORCHARD,BOULEVARD,CENTRAL REGION,11,0,1,0,36,1,0,0,0,0,0,0.08057213759431779,0.1369960453944316,0.2229238197120587
70,NEWTON,ISTANA NEGARA,CENTRAL REGION,42,0,7,0,7,1,0,0,0,0,0,0.06283902037784632,0.154416320479688,0.24732654584727923
71,ROCHOR,LITTLE INDIA,CENTRAL REGION,1,0,1,0,28,1,0,0,0,0,0,0.053963284112048635,0.11156189639147461,0.18057286176794554
72,PIONEER,GUL BASIN,WEST REGION,14,0,5,3,141,13,0,5,0,0,0,0.04131983904223769,0.0678270001685539,0.1010747189214845
73,DOWNTOWN CORE,MARINA CENTRE,CENTRAL REGION,14,0,3,0,60,7,0,8,0,0,0,0.05633863817292019,0.11407876863326188,0.17920056265334844
74,MUSEUM,BRAS BASAH,CENTRAL REGION,4,0,1,0,19,1,0,0,0,0,0,0.05342869970447718,0.1215075696900778,0.1854739871543854
75,ORCHARD,SOMERSET,CENTRAL REGION,7,0,0,0,26,1,0,0,0,0,0,0.06788482926923411,0.13961144035686662,0.23680412013812255
76,ROCHOR,BENCOOLEN,CENTRAL REGION,2,0,1,0,16,1,0,0,0,0,0,0.0519859060794542,0.11219724583276748,0.17503054743168345
77,TANGLIN,CHATSWORTH,CENTRAL REGION,52,0,2,0,82,1,0,1,0,0,0,0.08224714035151401,0.16559103284110652,0.24321773564216667
78,ROCHOR,KAMPONG GLAM,CENTRAL REGION,2,0,0,0,16,1,0,0,0,0,0,0.0568429148688211,0.11354420310341592,0.17897404694183067
79,ROCHOR,SELEGIE,CENTRAL REGION,1,0,0,0,5,1,0,0,0,0,0,0.05275202337464298,0.11481873625858063,0.18155678625058647
80,ROCHOR,MOUNT EMILY,CENTRAL REGION,2,0,0,0,18,1,0,0,0,0,0,0.05523603036999703,0.1323681949742614,0.2066558222063543
81,ROCHOR,ROCHOR CANAL,CENTRAL REGION,5,0,1,0,8,1,0,1,0,0,0,0.0532744400646897,0.10639025112276185,0.16917346405664752
82,QUEENSTOWN,MARGARET DRIVE,CENTRAL REGION,46,0,7,1,51,1,0,1,0,0,0,0.07896519292207416,0.17357026839254622,0.2564315137262125
83,RIVER VALLEY,OXLEY,CENTRAL REGION,4,0,0,0,17,0,0,0,0,0,0,0.06012991837985171,0.13696113471096438,0.2266455964611918
84,DOWNTOWN CORE,CITY HALL,CENTRAL REGION,14,0,6,0,48,2,0,4,0,0,0,0.053144374694264716,0.11265955355673253,0.17019069383623844
85,QUEENSTOWN,MEI CHIN,CENTRAL REGION,16,0,2,0,58,1,0,1,0,0,0,0.0725569808998466,0.16606250815539178,0.2423350632579642
86,RIVER VALLEY,LEONIE HILL,CENTRAL REGION,19,0,1,0,18,1,0,0,0,0,0,0.07160963449213241,0.13735736334436258,0.21053640243199614
87,QUEENSTOWN,PORT,CENTRAL REGION,63,0,12,1,571,87,0,30,0,0,0,0.03382393672928906,0.06486375597875421,0.10334511802431615
88,MUSEUM,DHOBY GHAUT,CENTRAL REGION,6,0,0,0,17,1,0,1,0,0,0,0.05604674565814687,0.1335295320171681,0.21178530587664404
89,GEYLANG,MACPHERSON,CENTRAL REGION,22,0,8,1,95,2,0,1,0,0,0,0.06002119512966249,0.12366440550323837,0.1881552314278194
90,TOA PAYOH,KIM KEAT,CENTRAL REGION,8,0,3,0,26,2,0,0,0,0,0,0.06166748951365745,0.13093260467957404,0.19310494328246397
91,BEDOK,BEDOK NORTH,EAST REGION,66,0,6,1,248,2,0,2,0,0,0,0.08055183810556349,0.14548177174218435,0.22479880929679333
92,TOA PAYOH,TOA PAYOH CENTRAL,CENTRAL REGION,31,0,2,0,77,2,0,1,0,0,0,0.07492515307218982,0.13986146808193797,0.19588469070176479
93,JURONG EAST,JURONG GATEWAY,WEST REGION,10,0,4,0,41,2,0,0,0,0,0,0.06581074466338606,0.14376388928087205,0.22214980642797671
94,BUKIT TIMAH,HOLLAND ROAD,CENTRAL REGION,183,0,28,1,128,1,0,1,0,0,0,0.11760634633433013,0.21072333387806927,0.3355351585445919
95,GEYLANG,KAMPONG UBI,CENTRAL REGION,19,0,3,0,166,2,0,1,0,0,0,0.06275009389131939,0.11579407487848999,0.17027149133850306
96,TOA PAYOH,SENNETT,CENTRAL REGION,7,0,3,1,78,1,0,1,0,0,0,0.051444951053446465,0.11722500832370995,0.1821249410761914
97,TOA PAYOH,POTONG PASIR,CENTRAL REGION,10,0,1,0,51,1,0,4,0,0,0,0.05726026671851344,0.12449581796496896,0.20022885440412486
98,TUAS,TUAS NORTH,WEST REGION,21,0,9,0,295,4,0,0,0,0,0,0.04889138174814735,0.09856656255939991,0.1500582635063332
99,TOA PAYOH,PEI CHUN,CENTRAL REGION,10,0,2,0,30,1,0,0,0,0,0,0.06339914503630745,0.13280876745595166,0.19185728336493652
100,TOA PAYOH,BOON TECK,CENTRAL REGION,9,0,1,0,33,1,0,0,0,0,0,0.06388441319095678,0.12671121717378941,0.1832306808125269
101,JURONG WEST,KIAN TECK,WEST REGION,28,0,11,1,171,2,0,1,0,0,0,0.06673310083323652,0.12001771756830357,0.1936944068428012
102,JURONG WEST,SAFTI,WEST REGION,77,0,19,0,54,2,0,2,0,0,0,0.08211252931639959,0.17818303053483872,0.27917220002861426
103,ROCHOR,FARRER PARK,CENTRAL REGION,2,0,2,0,20,1,0,0,0,0,0,0.06103970626772587,0.12307277950797936,0.19939987824688318
104,NEWTON,NEWTON CIRCUS,CENTRAL REGION,9,0,1,0,12,1,0,0,0,0,0,0.07867158995461221,0.15240139762204927,0.2563674370038141
105,ANG MO KIO,ANG MO KIO TOWN CENTRE,NORTH-EAST REGION,4,0,4,1,24,1,0,1,0,0,0,0.08222082569008178,0.15006868792498512,0.23426862764017403
106,ANG MO KIO,KEBUN BAHRU,NORTH-EAST REGION,31,0,2,0,71,2,0,0,0,0,0,0.0807691896565485,0.15530302990685965,0.23672056240694864
107,SERANGOON,SERANGOON NORTH IND ESTATE,NORTH-EAST REGION,7,0,8,0,78,1,0,1,0,0,0,0.09150945176015274,0.14257550582215373,0.20544786350328034
108,TENGAH,TENGAH INDUSTRIAL ESTATE,WEST REGION,156,0,13,1,10,61,0,1,0,0,0,0.09442471290072153,0.2074749652551625,0.3268868310279327
109,BOON LAY,SAMULUN,WEST REGION,10,0,1,1,164,10,0,11,0,0,0,0.03313925662009181,0.0657677464932702,0.1109483455817005
110,BOON LAY,SHIPYARD,WEST REGION,8,0,5,1,182,17,0,3,0,0,0,0.03815062413022162,0.06926460095297492,0.11298772420536744
111,QUEENSTOWN,GHIM MOH,CENTRAL REGION,17,0,5,0,27,1,0,0,0,0,0,0.08863120533156958,0.16760544601206048,0.242200613200754
112,KALLANG,LAVENDER,CENTRAL REGION,9,0,3,0,64,1,0,1,0,0,0,0.06131226952284517,0.11682993009270012,0.1887588702272107
113,BEDOK,FRANKEL,EAST REGION,34,0,6,0,390,1,0,1,0,0,0,0.06455390388614271,0.12541451681253887,0.18227836563577984
114,CLEMENTI,CLEMENTI NORTH,WEST REGION,27,0,1,0,72,1,0,1,0,0,0,0.07714123823335899,0.14897932139636677,0.2274877385552881
115,BUKIT TIMAH,LEEDON PARK,CENTRAL REGION,75,0,1,0,129,1,0,0,0,0,0,0.09203823872553829,0.17615120682410515,0.26931455478727023
116,GEYLANG,GEYLANG EAST,CENTRAL REGION,33,0,11,0,212,3,0,1,0,0,0,0.06114425449640504,0.1192100777820275,0.17675251877874376
117,JURONG EAST,TEBAN GARDENS,WEST REGION,41,0,16,0,69,1,0,194,0,0,0,0.04386996422055716,0.10345342379994871,0.16836715619804216
118,JURONG EAST,JURONG RIVER,WEST REGION,43,0,31,1,144,9,0,32,0,0,0,0.06150675669538381,0.12393858002036341,0.19209813357357144
119,KALLANG,GEYLANG BAHRU,CENTRAL REGION,17,0,3,0,50,1,0,5,0,0,0,0.05209028149231301,0.1239940089318246,0.19240010173467542
120,NEWTON,GOODWOOD PARK,CENTRAL REGION,25,0,1,0,11,1,0,1,0,0,0,0.09224051670641849,0.15560360063758702,0.2556459395104584
121,CLEMENTI,PANDAN,WEST REGION,11,0,2,0,95,4,0,22,0,0,0,0.051266006860225075,0.10448276326897409,0.16076698484994115
122,QUEENSTOWN,SINGAPORE POLYTECHNIC,CENTRAL REGION,54,0,3,0,39,1,0,1,0,0,0,0.08266586255696085,0.16635126475514292,0.2522174143744994
123,CLEMENTI,CLEMENTI CENTRAL,WEST REGION,14,0,4,0,58,1,0,1,0,0,0,0.0651503143600397,0.13104074436544663,0.20405400720757283
124,KALLANG,KAMPONG JAVA,CENTRAL REGION,20,0,14,0,71,2,0,1,0,0,0,0.06277072073644445,0.13385372501665382,0.2023026676210355
125,KALLANG,BOON KENG,CENTRAL REGION,9,0,1,0,27,1,0,6,0,0,0,0.06501613972095069,0.12732422376174984,0.20056656282450397
126,KALLANG,KALLANG BAHRU,CENTRAL REGION,13,0,11,0,57,1,0,4,0,0,0,0.05415243997723212,0.12481000916023158,0.20011349835967573
127,BUKIT TIMAH,ULU PANDAN,CENTRAL REGION,40,0,2,0,81,1,0,1,0,0,0,0.08906513805913026,0.1788225328866986,0.25937751861385616
128,BUKIT TIMAH,FARRER COURT,CENTRAL REGION,14,0,1,1,42,1,0,1,0,0,0,0.08377686002690643,0.17313028331785932,0.26276806051938706
129,TANGLIN,NASSIM,CENTRAL REGION,87,0,1,0,122,1,0,1,0,0,0,0.09534058992705473,0.17720831088728836,0.27463218707777487
130,CLEMENTI,WEST COAST,WEST REGION,14,0,6,0,52,1,0,3,0,0,0,0.059275937481858866,0.13582389456522023,0.20655108988788487
131,BEDOK,BAYSHORE,EAST REGION,117,0,45,0,77,9,0,9,0,0,0,0.08232520342996921,0.162345204978196,0.24481344608992334
132,PIONEER,BENOI SECTOR,WEST REGION,18,0,16,1,169,3,0,1,0,0,0,0.05363366268149342,0.10605593973586204,0.16372954942131648
133,PIONEER,GUL CIRCLE,WEST REGION,22,0,12,1,288,6,0,1,0,0,0,0.05278675464423373,0.0950404256270077,0.14169777444226883
134,TANGLIN,TYERSALL,CENTRAL REGION,146,0,4,0,66,1,0,1,0,0,0,0.10666589946997487,0.20460236133504808,0.31436732693867847
135,NOVENA,MOULMEIN,CENTRAL REGION,30,0,1,0,102,3,0,1,0,0,0,0.07285528894450337,0.1349603485780742,0.20795776482332343
136,BOON LAY,LIU FANG,WEST REGION,67,0,21,0,143,4,0,1,0,0,0,0.06483429233514033,0.12034880416015924,0.20623291082810824
137,ORCHARD,TANGLIN,CENTRAL REGION,5,0,1,0,12,1,0,0,0,0,0,0.08200769425749428,0.15811736196805726,0.2400060247771901
138,MARINE PARADE,MARINE PARADE,CENTRAL REGION,29,0,1,0,87,1,0,1,0,0,0,0.06170198424054943,0.136084822681883,0.2224270132280773
139,PIONEER,JOO KOON,WEST REGION,22,0,7,0,203,5,0,1,0,0,0,0.06117300918546408,0.11983309699831982,0.1840571865747245
140,GEYLANG,KALLANG WAY,CENTRAL REGION,13,0,4,1,79,1,0,1,0,0,0,0.05673887122579331,0.12071959880984241,0.20170396147555716
141,JURONG EAST,INTERNATIONAL BUSINESS PARK,WEST REGION,14,0,3,0,32,1,0,1,0,0,0,0.06315246253102749,0.15219967289356945,0.23848508327659165
142,BOON LAY,TUKANG,WEST REGION,17,0,18,1,144,10,0,1,0,0,0,0.05949087674567892,0.1144833527649514,0.18492517008230644
143,BUKIT TIMAH,CORONATION ROAD,CENTRAL REGION,29,0,4,0,110,1,0,1,0,0,0,0.0942077024747787,0.17072046164008742,0.2703882563367326
144,BEDOK,KEMBANGAN,EAST REGION,33,0,4,0,204,1,0,1,0,0,0,0.06854346413866778,0.13149882458478682,0.19549806051435065
145,NOVENA,DUNEARN,CENTRAL REGION,42,0,1,0,82,1,0,1,0,0,0,0.11569627301310592,0.1938242469668556,0.3028805039490109
146,CLEMENTI,SUNSET WAY,WEST REGION,53,0,1,0,44,1,0,1,0,0,0,0.09557016339667698,0.17941441537602243,0.27782033434083403
147,BUKIT TIMAH,ANAK BUKIT,CENTRAL REGION,58,0,4,0,216,2,0,0,0,0,0,0.09448811550173974,0.1798681368828246,0.28363373341774517
148,BUKIT TIMAH,SWISS CLUB,CENTRAL REGION,198,0,23,0,127,2,0,1,0,0,0,0.11201970655260217,0.22409862871395017,0.34866829699687446
149,TAMPINES,XILIN,EAST REGION,165,0,268,1,283,26,0,25,0,0,0,0.09192961093692915,0.18593580113084304,0.26275018987052273
150,CLEMENTI,FABER,WEST REGION,25,0,1,0,66,2,0,3,0,0,0,0.07046568620777159,0.14721186275612339,0.23504755244657555
151,NOVENA,MALCOLM,CENTRAL REGION,59,0,4,0,69,1,0,1,0,0,0,0.10064340057532625,0.17255749074738866,0.270336696743921
152,BEDOK,BEDOK SOUTH,EAST REGION,45,0,4,1,249,2,0,2,0,0,0,0.07434742821361524,0.13708018274512454,0.2048604852653084
153,HOUGANG,DEFU INDUSTRIAL PARK,NORTH-EAST REGION,27,0,7,1,161,4,0,0,0,0,0,0.07111814618755728,0.14250633723145323,0.20451015120092264
154,PAYA LEBAR,PAYA LEBAR EAST,EAST REGION,77,0,68,1,24,27,0,33,0,0,0,0.1007885674097459,0.20369721088240517,0.3075298710905136
155,BUKIT BATOK,HONG KAH NORTH,WEST REGION,15,0,2,1,71,1,0,0,0,0,0,0.07938147930151401,0.19254248179388533,0.31469872754881734
156,HOUGANG,KOVAN,NORTH-EAST REGION,10,0,4,0,183,1,0,0,0,0,0,0.06873453002122615,0.1237388912693214,0.17729131018077804
157,ANG MO KIO,CHONG BOON,NORTH-EAST REGION,20,0,2,0,88,1,0,0,0,0,0,0.0824047747052322,0.14567310071443323,0.2119501690878033
158,SERANGOON,SERANGOON GARDEN,NORTH-EAST REGION,27,0,7,0,270,1,0,0,0,0,0,0.0700347368525281,0.12654468809276576,0.19064818178771986
159,HOUGANG,HOUGANG CENTRAL,NORTH-EAST REGION,5,0,8,0,30,2,0,0,0,0,0,0.0723514548017959,0.13833265640525724,0.20449377951871595
160,PASIR RIS,LOYANG EAST,EAST REGION,31,0,9,0,59,1,0,0,0,0,0,0.08484712291964039,0.1792649673095099,0.27998757092661447
161,BUKIT PANJANG,DAIRY FARM,WEST REGION,43,0,10,0,71,2,0,0,0,0,0,0.07567649560104502,0.20867267855605964,0.34117869462707257
162,PASIR RIS,PASIR RIS DRIVE,EAST REGION,15,0,6,1,140,1,0,3,0,0,0,0.07728530094193752,0.14513164669775092,0.215772110798716
163,TAMPINES,TAMPINES NORTH,EAST REGION,79,0,48,1,112,17,0,1,0,0,0,0.09055356547408708,0.1737289472163087,0.25535189290037497
164,ANG MO KIO,CHENG SAN,NORTH-EAST REGION,18,0,2,0,76,1,0,0,0,0,0,0.08899308255450639,0.1516625975512342,0.2235448807325354
165,ANG MO KIO,SEMBAWANG HILLS,NORTH-EAST REGION,18,0,4,0,68,0,0,0,0,0,0,0.08434355116357513,0.18484285982529586,0.28302645767903417
166,BUKIT PANJANG,JELEBU,WEST REGION,12,0,2,0,79,1,0,0,0,0,0,0.0668507182704266,0.16081296525527458,0.24227163199999785
167,CHOA CHU KANG,KEAT HONG,WEST REGION,20,0,10,0,81,5,0,0,0,0,0,0.06608972285757275,0.16898006831139772,0.271478644097391
168,KALLANG,BENDEMEER,CENTRAL REGION,22,0,5,1,106,2,0,5,1,0,0,0.0571057581347875,0.1242735961439249,0.19184694226921675
169,NOVENA,BALESTIER,CENTRAL REGION,48,0,3,0,140,1,0,3,0,0,0,0.06413995095541275,0.12808617525887833,0.1845735615019616
170,TUAS,TUAS PROMENADE,WEST REGION,45,0,67,1,186,61,0,56,0,0,0,0.04927733387625847,0.08580342631700212,0.1264881847421126
171,SERANGOON,SERANGOON CENTRAL,NORTH-EAST REGION,11,0,3,0,94,1,0,1,0,0,0,0.060701185870442605,0.11983497187010433,0.1732495960331535
172,BISHAN,BISHAN EAST,CENTRAL REGION,35,0,8,0,131,3,0,4,0,0,0,0.07543316139265786,0.12827666390471534,0.18415729601718153
173,TAMPINES,TAMPINES WEST,EAST REGION,40,0,19,3,268,20,0,1,0,0,0,0.0851080813803352,0.14644890864981588,0.21719698324079995
174,BUKIT BATOK,BRICKWORKS,WEST REGION,43,0,11,0,69,2,0,0,0,0,0,0.07285133005587914,0.1611562384929507,0.25417787072603387
175,SERANGOON,SERANGOON NORTH,NORTH-EAST REGION,7,0,1,0,62,1,0,0,0,0,0,0.07339624709739062,0.13555278954355968,0.19953649773165544
176,BUKIT BATOK,GUILIN,WEST REGION,64,0,4,0,40,1,0,3,0,0,0,0.08402173775545817,0.19644112802791572,0.31339902361698996
177,JURONG WEST,WENYA,WEST REGION,35,0,50,1,85,29,0,0,0,0,0,0.08386080791219964,0.15916394645712953,0.2652312557463949
178,BUKIT PANJANG,NATURE RESERVE,WEST REGION,363,0,9,1,37,1,0,7,0,0,0,0.11184090144084914,0.2508054337310973,0.430321363928252
179,TAMPINES,TAMPINES EAST,EAST REGION,67,0,14,1,352,3,0,1,0,0,0,0.08424772212531774,0.15210930733719596,0.2244978659428082
180,HOUGANG,LORONG AH SOO,NORTH-EAST REGION,17,0,2,0,133,1,0,1,0,0,0,0.06778077640983869,0.1268372169069456,0.17666581107270163
181,PASIR RIS,FLORA DRIVE,EAST REGION,7,0,1,0,87,1,0,0,0,0,0,0.07975044495215945,0.14915722444660906,0.2228544514595414
182,BUKIT BATOK,HILLVIEW,WEST REGION,110,0,6,0,83,2,0,1,0,0,0,0.08782414064126955,0.21524822381977157,0.3641411645899675
183,CLEMENTI,TOH TUCK,WEST REGION,37,0,15,0,154,3,0,1,0,0,0,0.07095116261353433,0.1478991221911407,0.23328532050905443
184,NOVENA,MOUNT PLEASANT,CENTRAL REGION,231,0,11,0,73,1,0,0,0,0,0,0.13062843632013388,0.2171085508957886,0.3281959101729939
185,BUKIT TIMAH,HILLCREST,CENTRAL REGION,133,0,1,0,131,1,0,1,0,0,0,0.10976779463666203,0.20445009581004858,0.31389937194373124
186,TOA PAYOH,JOO SENG,CENTRAL REGION,13,0,2,0,92,1,0,0,0,0,0,0.05514517185599583,0.11769442371477362,0.17019610061831747
187,JURONG WEST,CHIN BEE,WEST REGION,6,0,1,0,122,1,0,2,0,0,0,0.05794456579586944,0.11286080465288367,0.18154487258918464
188,TOA PAYOH,LORONG 8 TOA PAYOH,CENTRAL REGION,12,0,1,0,31,1,0,2,0,0,0,0.06760989688750309,0.1354237453133602,0.19688836376820498
189,JURONG EAST,TOH GUAN,WEST REGION,20,0,4,0,52,1,0,1,0,0,0,0.06161979378600468,0.13673150800764616,0.21205205800566837
190,TAMPINES,SIMEI,EAST REGION,39,0,10,0,227,3,0,1,0,0,0,0.08154155675234726,0.1407816885477942,0.20321890723309247
191,JURONG WEST,BOON LAY PLACE,WEST REGION,26,0,4,0,62,1,0,0,0,0,0,0.0735064117530971,0.13824906830586248,0.23197284311152477
192,BUKIT BATOK,BUKIT BATOK EAST,WEST REGION,10,0,1,0,29,0,0,0,0,0,0,0.07699390336765327,0.18639145193035103,0.31961759817146185
193,BUKIT BATOK,BUKIT BATOK WEST,WEST REGION,8,0,4,0,42,1,0,0,0,0,0,0.07247884671955081,0.15032831311590572,0.23484889190768665
194,BUKIT BATOK,BUKIT BATOK CENTRAL,WEST REGION,13,0,1,0,67,1,0,0,0,0,0,0.07559374620761777,0.16513243009447545,0.26477643921787813
195,SERANGOON,UPPER PAYA LEBAR,NORTH-EAST REGION,9,0,2,0,81,1,0,0,0,0,0,0.05952594195128266,0.11543932688658083,0.17007112914805061
196,HOUGANG,TAI SENG,NORTH-EAST REGION,16,0,16,0,144,6,0,0,0,0,0,0.06366073931344,0.11841165374970129,0.1828396792385238
197,TUAS,TENGEH,WEST REGION,60,1,31,3,22,51,0,51,9,0,0,0.06938438095873663,0.14000993097250788,0.22626600939952718
198,JURONG EAST,YUHUA WEST,WEST REGION,20,0,2,0,55,2,0,1,0,0,0,0.06838472548432238,0.15190417248354812,0.22856815622078158
199,TOA PAYOH,BRADDELL,CENTRAL REGION,8,0,1,0,38,1,0,0,0,0,0,0.0710134327986352,0.13095681943697213,0.18700891994247748
200,TOA PAYOH,BIDADARI,CENTRAL REGION,22,0,1,0,32,4,0,1,0,0,0,0.06142600543778026,0.1283779356443236,0.18808352519317312
201,TOA PAYOH,WOODLEIGH,CENTRAL REGION,44,0,6,0,31,2,0,1,0,0,0,0.07111067033269151,0.1430808689752345,0.21629377815536002
202,JURONG WEST,TAMAN JURONG,WEST REGION,24,0,10,1,113,2,0,1,0,0,0,0.06461894652878382,0.13500947901317148,0.21382219755329923
203,JURONG EAST,LAKESIDE (LEISURE),WEST REGION,76,0,36,1,21,7,0,59,1,0,0,0.06853546559760955,0.14813714896408026,0.22812314986608506
204,TOA PAYOH,TOA PAYOH WEST,CENTRAL REGION,35,0,8,1,57,6,0,1,0,0,0,0.08574208945860644,0.14727015400764149,0.19834283725230786
205,BEDOK,KAKI BUKIT,EAST REGION,40,0,29,1,214,1,0,0,0,0,0,0.0793181406595886,0.15001579270371948,0.21792583653870776
206,JURONG EAST,YUHUA EAST,WEST REGION,23,0,1,0,70,1,0,1,0,0,0,0.06299638098729625,0.14319627785522457,0.21215893041038208
207,BUKIT BATOK,BUKIT BATOK SOUTH,WEST REGION,84,0,5,0,93,1,0,1,0,0,0,0.07355458861359257,0.16699985256642036,0.2801485439065269
208,JURONG WEST,JURONG WEST CENTRAL,WEST REGION,17,0,1,0,123,1,0,1,0,0,0,0.08084101031639153,0.12790284604871122,0.23395263258327548
209,BEDOK,BEDOK RESERVOIR,EAST REGION,78,0,9,0,67,2,0,84,0,0,0,0.08744152795204202,0.1665529459633337,0.24516149303771212
210,YISHUN,LOWER SELETAR,NORTH REGION,244,0,177,6,78,17,0,331,1,0,0,0.07856358086758962,0.18201975948407728,0.2781087210140321
211,PUNGGOL,NORTHSHORE,NORTH-EAST REGION,45,0,11,0,60,21,0,2,0,0,0,0.06278905315827357,0.12838855182508124,0.1861285151291776
212,MANDAI,MANDAI ESTATE,NORTH REGION,2,0,1,0,13,0,0,0,0,0,0,0.08087929532468627,0.18772172896546116,0.27895162306968796
213,YISHUN,YISHUN CENTRAL,NORTH REGION,10,0,6,0,25,1,0,4,0,0,0,0.06660613000905037,0.1493256433332767,0.22516589344142543
214,PASIR RIS,PASIR RIS CENTRAL,EAST REGION,44,0,4,2,94,4,0,5,0,0,0,0.07902430810119858,0.1559405510146007,0.24040632709062817
215,BUKIT BATOK,GOMBAK,WEST REGION,162,0,13,1,68,3,0,2,0,0,0,0.08557816207073783,0.21021631597659132,0.35097721182584696
216,PAYA LEBAR,PAYA LEBAR NORTH,EAST REGION,17,0,39,5,65,6,0,1,0,0,0,0.08717970477137292,0.17806736078866103,0.2801764591488202
217,HOUGANG,HOUGANG EAST,NORTH-EAST REGION,19,0,4,0,56,1,0,7,0,0,0,0.07298498818497598,0.1609105324432363,0.2596086164934265
218,HOUGANG,LORONG HALUS,NORTH-EAST REGION,86,0,28,1,12,2,0,7,0,0,0,0.08784555133488792,0.20241139776721068,0.3333038725129501
219,HOUGANG,KANGKAR,NORTH-EAST REGION,14,0,3,1,79,1,0,8,0,0,0,0.08179058569911266,0.16934841897680333,0.2659115002257129
220,CHANGI,CHANGI WEST,EAST REGION,189,0,51,1,236,1,0,5,0,0,0,0.08992032822023377,0.1933091205723803,0.2977873890914631
221,QUEENSTOWN,HOLLAND DRIVE,CENTRAL REGION,11,0,1,0,34,3,0,0,0,0,0,0.08254350253657713,0.1619535204115416,0.23103755226130296
222,HOUGANG,HOUGANG WEST,NORTH-EAST REGION,16,0,4,0,114,1,0,0,0,0,0,0.07951676890510935,0.13538096397180188,0.19436607580913481
223,PAYA LEBAR,PAYA LEBAR WEST,EAST REGION,8,0,17,0,35,2,0,1,0,0,0,0.09011593029575653,0.21295791314401,0.3435209970035026
224,BUKIT PANJANG,BANGKIT,WEST REGION,23,0,2,0,52,1,0,0,0,0,0,0.06920755247509226,0.18261596178524203,0.29143025695461117
225,SENGKANG,LORONG HALUS NORTH,NORTH-EAST REGION,72,0,6,1,9,0,0,8,0,0,0,0.08673102024190482,0.22429214422312957,0.3629525417009023
226,CHOA CHU KANG,PENG SIANG,WEST REGION,13,0,5,0,70,1,0,1,0,0,0,0.07057100677159191,0.1704971194703597,0.2752134784798543
227,PASIR RIS,PASIR RIS WEST,EAST REGION,41,0,2,1,117,1,0,1,0,0,0,0.08080984831072217,0.16725302002916362,0.26219969835136947
228,ANG MO KIO,YIO CHU KANG WEST,NORTH-EAST REGION,15,0,1,0,69,2,0,1,0,0,0,0.0836503580983786,0.15707544352009878,0.23503613424427972
229,CHANGI,CHANGI POINT,EAST REGION,60,0,8,0,21,1,0,13,0,0,0,0.08604001810182416,0.1778418849539649,0.32401464114455614
230,SENGKANG,SENGKANG TOWN CENTRE,NORTH-EAST REGION,18,0,3,0,127,1,0,0,0,0,0,0.05784536120354253,0.1327097537202864,0.20509888765538387
231,SENGKANG,ANCHORVALE,NORTH-EAST REGION,20,0,11,0,113,1,0,7,0,0,0,0.06471889436026189,0.1451750015003314,0.22639321895106587
232,SENGKANG,SENGKANG WEST,NORTH-EAST REGION,60,0,57,1,37,14,0,0,0,0,0,0.10067449434836907,0.19279046263363436,0.28589114872321675
233,SENGKANG,FERNVALE,NORTH-EAST REGION,62,0,29,1,135,9,0,7,0,0,0,0.07566475324392635,0.1636152703265971,0.24639033854984646
234,PUNGGOL,PUNGGOL FIELD,NORTH-EAST REGION,21,0,15,1,98,1,0,6,0,0,0,0.0698104079035233,0.14500031372260644,0.21547466889287806
235,CHOA CHU KANG,YEW TEE,WEST REGION,15,0,2,0,74,1,0,3,0,0,0,0.06515944730253419,0.15586591190211613,0.22560046895674785
236,PASIR RIS,PASIR RIS WAFER FAB PARK,EAST REGION,203,0,129,2,79,27,0,95,1,0,0,0.0888037725006573,0.1887978988207723,0.28366577625684664
237,HOUGANG,TRAFALGAR,NORTH-EAST REGION,36,0,8,1,132,1,0,1,0,0,0,0.08069157230118267,0.14925109038446022,0.21248210241468213
238,CHOA CHU KANG,TECK WHYE,WEST REGION,22,0,9,0,71,1,0,1,0,0,0,0.06801641122976841,0.1641644460057981,0.23930685612011185
239,CHOA CHU KANG,CHOA CHU KANG CENTRAL,WEST REGION,25,0,11,0,74,2,0,0,0,0,0,0.06471673024100297,0.16455086702609248,0.2515370402256203
240,BUKIT PANJANG,FAJAR,WEST REGION,13,0,3,0,52,1,0,0,0,0,0,0.06991706847035047,0.17281336597512412,0.24953793586838352
241,BUKIT PANJANG,SENJA,WEST REGION,14,0,2,1,48,1,0,1,0,0,0,0.07146213779129451,0.16433828558896105,0.24011451876144776
